id,domain,status,purchase_price,renewal_price,attractiveness,demand,length,registrar,created_at,expires_at,status_verified_at
802f59da-53b9-4f0d-8419-064b0bfaed80,education.college,premium,13800,13800,high,low,9,namesilo,,,25/09/2026 10:41
2bc25f16-c30d-415b-a1f8-22358444989d,education.mba,resell,,,high,low,9,"Xiamen ChinaSource Internet Service Co., Ltd",18/12/2020 04:08,18/12/2026 04:08,26/09/2026 05:46
d17ed28b-bbe3-4e53-b1b8-1b6453951c5d,education.schule,resell,,,high,low,9,"Global Domains International, Inc. DBA DomainCostClub.com",25/02/2025 18:27,25/02/2027 18:27,26/09/2026 05:46
ce36d91d-e648-47e1-bc7f-093cb955c826,education.prof,premium,843.7,843.7,high,low,9,namecheap,,,25/09/2026 10:41
fec67468-43d7-47d2-b748-fbe27181a397,education.fit,resell,,,high,low,9,"Chengdu West Dimension Digital Technology Co., Ltd.",19/05/2023 00:00,19/05/2027 00:00,26/09/2026 05:46
6229e693-c352-468c-a6ed-30632a885579,education.degree,premium,1107,1107,high,low,9,namesilo,,,25/09/2026 10:41
f798e506-eda2-490c-8158-fea9b3099b75,education.qpon,premium,468.75,27.99,high,low,9,name.com,,,25/09/2026 10:41
b6bcd714-d429-4b43-9600-af6aa8701e61,education.law,premium,581.25,151.99,high,low,9,name.com,,,25/09/2026 10:41
6208da5a-ef50-4152-8c0a-a94d1f9d7580,education.delivery,resell,,,high,low,9,Dynadot Inc,16/06/2026 17:00,16/06/2027 17:00,26/09/2026 05:46
a08e2da9-b1b2-49a0-85b4-4a172c2e8020,education.voyage,available,58.99,58.99,high,low,9,namesilo,,,25/09/2026 10:41
8e77e527-02c4-4a7d-9519-136f77c8ea6d,education.cfd,resell,,,high,low,9,"NameCheap, Inc.",25/05/2024 13:42,25/05/2027 23:59,26/09/2026 05:46
767597f3-12ab-4e9a-9012-05f1236cabaf,education.day,premium,648.7,648.7,high,low,9,namecheap,,,25/09/2026 10:41
dd231c78-0769-4a8c-9c56-df0481c0114a,education.life,resell,,,high,low,9,"Spaceship, Inc.",08/05/2023 15:15,08/05/2027 15:15,26/09/2026 05:46
f211f0d2-4392-40cd-866b-b4f5a04cf8c2,education.band,premium,118.8,118.8,high,low,9,namesilo,,,25/09/2026 10:41
d2e013bf-0088-4a95-802d-a3d3dfd24383,education.bar,premium,230.4,230.4,high,low,9,namesilo,,,25/09/2026 10:41
971dc6cb-8725-45fa-8155-f352d471a0ea,education.site,premium,1625,6500,high,low,9,namecheap,,,25/09/2026 10:41
cde8c446-c597-4140-9b0c-318b86d3b84a,education.ing,premium,1690,1690,high,low,9,namecheap,,,25/09/2026 10:41
66988056-d08c-4c33-8a9d-a8d015e517fb,education.construction,available,38.99,38.99,high,low,9,namesilo,,,25/09/2026 10:41
74232430-f49c-40e5-9ff7-ade614332528,education.exposed,premium,260,260,high,low,9,namecheap,,,25/09/2026 10:41
8fb038e1-b5bc-42ad-8690-5794b07d26ab,education.cash,premium,128.7,128.7,high,low,9,namecheap,,,25/09/2026 10:41
9233040f-3a99-4c07-9595-8d67696d078c,education.melbourne,available,58,58,high,low,9,namesilo,,,25/09/2026 10:41
8dc19e88-579d-42ea-b975-0b2032f3e913,education.global,resell,,,high,low,9,Porkbun LLC,24/06/2014 19:53,24/06/2027 19:53,26/09/2026 05:46
bb82c2f8-032b-40de-b77b-b060dc3c0ad1,education.download,premium,640,77.35,high,low,9,namesilo,,,25/09/2026 10:41
ee1ceca5-4a4b-4269-a878-3da5756b49e3,education.xxx,resell,,,high,low,9,"Name.com, Inc.",01/12/2011 01:38,01/12/2026 01:38,26/09/2026 05:46
5aafe2bd-2dbb-4115-a42c-02fdd7d7e6c1,education.zip,premium,167.7,167.7,high,low,9,namecheap,,,25/09/2026 10:41
d52426c4-1d44-41c1-8ff2-6e5a1996e176,education.ooo,premium,10350,119.99,high,low,9,namesilo,,,25/09/2026 10:41
7558d294-a507-4db1-a363-27a07fda907f,education.games,premium,242,242,high,low,9,namesilo,,,25/09/2026 10:41
c8d678b9-d989-4b6a-b049-e63c04ac8724,education.free,premium,640,640,high,low,9,namesilo,,,25/09/2026 10:41
5d8f6434-38ee-487b-9bb3-0afb83a67384,education.reise,premium,260,260,high,low,9,namecheap,,,25/09/2026 10:41
102f3e12-6806-4d69-907b-3c206a76f03b,education.clothing,available,32.99,32.99,high,low,9,namesilo,,,25/09/2026 10:41
6a2de70e-a83f-4125-ba79-0bc0f0bdbbb7,education.salon,available,57.99,57.99,high,low,9,namesilo,,,25/09/2026 10:41
0204ff83-db0e-4ce6-9fc4-48b364f2d2ea,education.clinic,premium,123.75,123.75,high,low,9,name.com,,,25/09/2026 10:41
a154728c-e6b7-4258-8cc0-68e764b8ea04,education.rsvp,premium,623.75,623.75,high,low,9,name.com,,,25/09/2026 10:41
e7e80e7d-3293-4ce9-b5b0-5300416dae34,education.website,premium,13800,13800,high,low,9,namesilo,,,25/09/2026 10:41
699803c4-4cfb-4165-be45-3f9df1335f49,education.cars,available,2999.99,3799.99,high,low,9,name.com,,,25/09/2026 10:41
d1b6096c-5272-4d88-ad92-26d8b6a9ed06,education.dealer,premium,4278,2660,high,low,9,namesilo,,,25/09/2026 10:41
73027237-8c9f-4cbd-bead-5e08cf85973f,education.tax,resell,14.99,,high,low,9,"Chengdu West Dimension Digital Technology Co., Ltd.",17/05/2026 10:28,17/05/2027 10:28,26/09/2026 05:46
661e1e7c-1d03-4b21-a049-04148387682b,education.date,premium,384,53.92,high,low,9,namesilo,,,25/09/2026 10:41
6b60ebc5-8921-4d12-be9e-78273fec73e5,education.gmbh,available,45.99,45.99,high,low,9,namesilo,,,25/09/2026 10:41
32892538-4824-4494-a8ad-6b0f165e3399,education.luxury,available,49.99,,high,low,9,name.com,,,25/09/2026 10:41
f5855ba8-f262-4689-b774-f25d0c3d9c51,education.tickets,available,669.99,669.99,high,low,9,name.com,,,25/09/2026 10:41
69455659-e32d-4f27-974c-c8d2a89b4dd9,education.airforce,available,103.99,103.99,high,low,9,namesilo,,,25/09/2026 10:41
37f012d9-d0c2-44ef-a708-8b3c1a5765e8,education.tools,premium,118.8,118.8,high,low,9,namesilo,,,25/09/2026 10:41
9358925e-9905-4a99-8733-2003bb384a35,education.accountants,available,117.99,117.99,high,low,9,namesilo,,,25/09/2026 10:41
541642ef-26a8-40be-89b3-844863416626,education.lifestyle,premium,625,625,high,low,9,name.com,,,25/09/2026 10:41
38bc1a8a-cee0-4684-8a17-07ebadae1707,education.vet,premium,768,768,high,low,9,namesilo,,,25/09/2026 10:41
d347cd97-c42f-4cea-9d89-c7b6bf1c995a,education.icu,premium,68.43,147.2,high,low,9,namesilo,,,25/09/2026 10:41
0c1319ff-9aa7-4c43-8c28-db9d5d0b4a2e,education.markets,premium,3250,3250,high,low,9,namecheap,,,25/09/2026 10:41
4a3690e5-da2d-4182-aa01-161f132e50ed,education.lgbt,premium,78.54,78.54,high,low,9,namesilo,,,25/09/2026 10:41
6bcb0af7-8455-4058-b936-6b843008312f,education.me,premium,8866.26,20.68,high,low,9,namecheap,,,25/09/2026 10:41
4c1c97a1-f15e-4906-b944-fabed716781a,education.trading,premium,3250,3250,high,low,9,namecheap,,,25/09/2026 10:41
37490249-ba4c-4b01-978c-51cba15c2de2,education.pink,premium,640,640,high,low,9,namesilo,,,25/09/2026 10:41
f666bb22-9720-4db8-aecd-dbffd89cbf62,education.ltda,premium,56.64,33.04,high,low,9,namesilo,,,25/09/2026 10:41
f7d63063-8fd7-40cf-b007-e812c4c8dff7,education.online,premium,34500,34500,high,low,9,namesilo,,,25/09/2026 10:41
4249828d-5f38-4837-b5a5-1506bb97abdf,education.support,premium,118.8,118.8,high,low,9,namesilo,,,25/09/2026 10:41
f15abca5-3755-4457-84db-7fb7fdb0a55b,education.tennis,available,80.99,86.99,high,low,9,name.com,,,25/09/2026 10:41
fa8a564e-21ff-4775-90d9-14434996f15d,education.security,available,1999.99,2049.99,high,low,9,namesilo,,,25/09/2026 10:41
3ee4bf13-144d-4926-948f-c6ce59da5263,education.healthcare,available,93.98,111.98,high,low,9,namecheap,,,25/09/2026 10:41
78526ea7-22ac-497f-a464-576ce845ad22,education.voting,available,1398,1448,high,low,9,namecheap,,,25/09/2026 10:41
e9118559-ac1a-4555-bc22-3f61190c18fb,education.dad,premium,623.75,623.75,high,low,9,name.com,,,25/09/2026 10:41
6508217b-2b66-4179-ac03-97dc6895b880,education.stream,premium,13800,116,high,low,9,namesilo,,,25/09/2026 10:41
9b0a3ba5-2aa5-4125-b8ad-eb043fd3f2ca,education.dentist,premium,512,512,high,low,9,namesilo,,,25/09/2026 10:41
22af3621-e9f6-4052-aca8-ed7df92cae10,education.guitars,available,104.99,114.99,high,low,9,namesilo,,,25/09/2026 10:41
1bbfd0f8-6f14-41d4-9776-e30cbc613e0a,education.desi,available,19.98,22.98,high,low,9,namecheap,,,25/09/2026 10:41
30d75dba-8f48-4318-b83d-6d4f63715df4,education.auction,premium,1250,1250,high,low,9,name.com,,,25/09/2026 10:41
b583c1ea-7992-4aa8-9080-460641fef012,education.discount,premium,260,260,high,low,9,namecheap,,,25/09/2026 10:41
8157c545-f0d8-4639-be5e-4092765b3211,education.review,premium,6900,116,high,low,9,namesilo,,,25/09/2026 10:41
a158d687-4f0c-4664-ab4a-35bb84d4c90f,education.lighting,available,22.98,31.98,high,low,9,namecheap,,,25/09/2026 10:41
dc5da76f-bb52-4845-a883-992d5a2d690f,education.lol,premium,832,832,high,low,9,namesilo,,,25/09/2026 10:41
5615265f-75b6-41d4-9286-0512026df50e,education.hot,premium,640,640,high,low,9,namesilo,,,25/09/2026 10:41
b022d1fe-e988-4cb9-8439-04ba26305143,education.cab,available,23.99,43.99,high,low,9,name.com,,,25/09/2026 10:41
9c80b14e-6177-4a4c-b163-9c5f3f4214d2,education.media,resell,,,high,low,9,Dynadot Inc,11/07/2025 15:15,11/07/2027 15:15,26/09/2026 05:46
866e9f5c-3ffc-4221-b5e9-813cf4c49415,education.builders,premium,118.8,118.8,high,low,9,namesilo,,,25/09/2026 10:41
2a2c803e-fa49-46b6-8670-3ee888f40a0e,education.enterprises,available,11.49,35.99,high,low,9,namesilo,,,25/09/2026 10:41
02292492-2e4f-435e-aca7-55ef270904c4,education.hospital,available,77.99,83.99,high,low,9,name.com,,,25/09/2026 10:41
72940774-b81d-42a6-b32c-2c2701d602e1,education.training,resell,,,high,low,9,Automattic Inc.,01/03/2019 02:12,01/03/2034 02:12,26/09/2026 05:46
1f99a643-2206-4e62-801e-2e846f3db11d,education.archi,available,19.99,103.99,high,low,9,namesilo,,,25/09/2026 10:41
78ec685a-b2d9-4eb8-845f-f172ead9f4f0,education.pw,resell,,,high,low,9,"Chengdu West Dimension Digital Technology Co., Ltd.",01/06/2017 00:57,01/06/2028 23:59,26/09/2026 05:46
abc7c8c4-0487-402b-b44d-c43afabefecb,education.skin,premium,2660,2660,high,low,9,namesilo,,,25/09/2026 10:41
c81264b4-a1d3-41d6-a00c-ede14b52ece3,education.claims,premium,78.54,78.54,high,low,9,namesilo,,,25/09/2026 10:41
9e20c0b5-49cc-46fb-8934-2e2da1a936b8,education.condos,premium,118.8,118.8,high,low,9,namesilo,,,25/09/2026 10:41
4b1c6173-3f4d-4f23-bbe0-f3fe351dc43e,education.marketing,resell,,,high,low,9,"Sav.com, LLC",14/12/2025 08:42,14/12/2026 08:42,26/09/2026 05:46
a5c01fd7-6944-4ce1-b9f3-d00bd35645f9,education.art,premium,3900,91,high,low,9,namecheap,,,25/09/2026 10:41
0daea458-52aa-4a03-9b09-64ba7f02ac06,education.locker,premium,1250,37.5,high,low,9,name.com,,,25/09/2026 10:41
3aa7d8d9-ae98-4891-b5b4-069f97e25152,education.viajes,available,37.99,37.99,high,low,9,namesilo,,,25/09/2026 10:41
e48378e4-869a-4708-9256-8731e9ae851a,education.menu,available,27.99,27.99,high,low,9,namesilo,,,25/09/2026 10:41
4bfaf29f-a484-4e3a-a60b-5a4ef2505a6d,education.video,premium,3450,3450,high,low,9,namesilo,,,25/09/2026 10:41
9736ea2c-631e-4704-af38-4c03806e2f8c,education.wedding,available,33.98,43.98,high,low,9,namecheap,,,25/09/2026 10:41
37b5e7ca-3e70-41f3-884b-b15716d6e1c1,education.reviews,premium,242,242,high,low,9,namesilo,,,25/09/2026 10:41
80355f35-5328-4278-8ebd-21e5baea1597,education.racing,premium,116,192,high,low,9,namesilo,,,25/09/2026 10:41
59bf4c19-12b0-44f9-aa37-7632e1107b27,education.properties,premium,242,242,high,low,9,namesilo,,,25/09/2026 10:41
074e6c27-94f7-4b81-b995-32fb66ed6aee,education.you,premium,640,640,high,low,9,namesilo,,,25/09/2026 10:41
66eecc7b-e25c-4cde-8742-6778ce1085e2,education.dating,premium,250,250,high,low,9,name.com,,,25/09/2026 10:41
f0ac3ed0-9718-4aa1-8ffc-1d9bc8890159,education.cheap,available,8.99,36.49,high,low,9,namesilo,,,25/09/2026 10:41
e3251949-7423-4997-8d1c-469b262e1d86,education.ski,premium,118.8,118.8,high,low,9,namesilo,,,25/09/2026 10:41
8902675f-e0f5-4a3d-bae3-f6fdc9f706c9,education.sale,premium,500,500,high,low,9,name.com,,,25/09/2026 10:41
74e538c9-6276-4b13-9b4d-b2f51e0fd3ba,education.lawyer,premium,3450,3450,high,low,9,namesilo,,,25/09/2026 10:41
babe3873-77ed-4a4b-b530-e82f715de7af,education.consulting,premium,512,512,high,low,9,namesilo,,,25/09/2026 10:41
71848364-603e-4d2f-8d2f-7b05e2012792,education.hair,premium,2500,2500,high,low,9,name.com,,,25/09/2026 10:41
443e6415-2c56-4289-bdf7-7537f606bbd3,education.apartments,available,57.99,57.99,high,low,9,namesilo,,,25/09/2026 10:41
77c8b597-53e1-4f8e-b0e5-ebce342d98c4,education.expert,premium,512,512,high,low,9,namesilo,,,25/09/2026 10:41
15b27206-831c-4f7d-94df-b39058612bbc,education.watch,premium,242,242,high,low,9,namesilo,,,25/09/2026 10:41
6a4bfd67-d86d-44af-bb65-b0c2131305bb,education.football,available,19.99,37.99,high,low,9,name.com,,,25/09/2026 10:41
fcea1cbf-036a-46b1-b3c0-c0b3dc6668f7,education.storage,available,509.99,529.99,high,low,9,namesilo,,,25/09/2026 10:41
6acfe7d5-65fa-4c3a-b9d3-d3e80f978981,education.photo,premium,116,116,high,low,9,namesilo,,,25/09/2026 10:41
7f31b391-0239-4b24-9344-7769b12e7bcb,education.capital,premium,78.54,78.54,high,low,9,namesilo,,,25/09/2026 10:41
575685a2-03d6-4f2c-a69e-47c2eed575a7,education.kaufen,available,5.99,26.99,high,low,9,namesilo,,,25/09/2026 10:41
e34bfd26-de41-45f7-ad5e-3eb5a7c3fe3c,education.republican,premium,242,242,high,low,9,namesilo,,,25/09/2026 10:41
89906a7c-1e47-41e0-b3c3-e34d2773a539,education.gratis,premium,118.8,118.8,high,low,9,namesilo,,,25/09/2026 10:41
6bb879d9-a2ba-49fd-a175-e7c47d748cb0,education.pet,premium,1107,1107,high,low,9,namesilo,,,25/09/2026 10:41
efd8d4e1-a0de-4fb7-818a-ddbb0ce2b8aa,education.diet,available,108.98,159.98,high,low,9,namecheap,,,25/09/2026 10:41
6d278ab6-6c77-47d8-83e5-83cf5d0ec506,education.mov,premium,161.25,161.25,high,low,9,name.com,,,25/09/2026 10:41
e21192a1-6e1a-4fed-aec2-01c1c2c59d59,education.red,available,11.49,23.49,high,low,9,namesilo,,,25/09/2026 10:41
0dabfaef-66a7-45c9-bc4e-8a0e586614de,education.love,premium,5520,5520,high,low,9,namesilo,,,25/09/2026 10:41
936d757e-5297-45be-afa4-c73962818a37,education.run,resell,,,high,low,9,"Xiamen ChinaSource Internet Service Co., Ltd",07/09/2015 09:19,07/09/2027 09:19,26/09/2026 05:46
ae962cb5-ed36-4f82-af1d-48be5e3deb5a,education.bot,resell,,,high,low,9,"Spaceship, Inc.",21/05/2025 03:55,21/05/2027 03:55,26/09/2026 05:46
50e505d8-1bf4-4141-a256-9c6612c0f0b6,education.trade,resell,,,high,low,9,"Spaceship, Inc.",29/07/2019 13:10,29/07/2027 13:10,26/09/2026 05:46
bc1f95d0-fd00-4a6f-8061-8e0e776d858c,education.sexy,available,2749.99,2749.99,high,low,9,namesilo,,,25/09/2026 10:41
d0ede1fa-fd9b-45a3-8311-adbe2d38acf7,education.vin,premium,118.8,118.8,high,low,9,namesilo,,,25/09/2026 10:41
1b6ed6ee-c3cc-49f1-be33-ea1b23838a33,education.fans,premium,116,116,high,low,9,namesilo,,,25/09/2026 10:41
d0008f9e-0a4d-4679-bae3-c201312e022b,education.fitness,premium,118.8,118.8,high,low,9,namesilo,,,25/09/2026 10:41
2f08aedc-9140-4278-b78d-8d0d16ef47b8,education.uno,premium,6900,6900,high,low,9,namesilo,,,25/09/2026 10:41
3f59b430-0551-43ec-85ce-abaf5712d9f3,education.protection,available,1999.99,2049.99,high,low,9,namesilo,,,25/09/2026 10:41
d14453f9-417b-4689-aaac-67f6d6a934ce,education.attorney,premium,3250,3250,high,low,9,namecheap,,,25/09/2026 10:41
86463f1d-69f5-4890-9c32-5e25623d5ed6,education.spot,premium,640,640,high,low,9,namesilo,,,25/09/2026 10:41
9123f0c6-9164-403b-85e9-3e701a4d7763,learning.schule,available,28.99,28.99,high,low,8,namesilo,,,27/09/2026 01:54
6100190b-f643-4e8d-94bd-79035e294194,education.systems,resell,,,high,low,9,"GoDaddy.com, LLC",19/03/2014 16:00,19/03/2027 16:00,26/09/2026 05:46
8face361-2cc6-42c1-bbdc-1d7ec7bd7a8f,learning.degree,available,52.99,52.99,high,low,8,namesilo,,,27/09/2026 01:54
b89c0c64-81f4-4757-bb65-7c632867ec07,education.rest,premium,576,576,high,low,9,namesilo,,,25/09/2026 10:41
332c858b-f747-41cc-8cd0-25c91e1f5dfb,education.tours,premium,118.8,118.8,high,low,9,namesilo,,,25/09/2026 10:41
87c5fd87-a3b2-464f-9fff-4fe72254af84,education.voto,premium,128.7,128.7,high,low,9,namecheap,,,25/09/2026 10:41
cbc5600d-ceb6-402d-9327-5ee59e23562d,education.la,resell,,,high,low,9,LA Domain Names,30/08/2017 16:27,30/08/2027 23:59,26/09/2026 05:46
a10ce6fc-2feb-47ab-a08e-1f71e404844a,education.theater,available,65.99,65.99,high,low,9,namesilo,,,25/09/2026 10:41
8ae59ae1-8e8c-44bd-a7ad-2b44438c3af4,education.foo,premium,161.25,161.25,high,low,9,name.com,,,25/09/2026 10:41
23982763-b5f5-436c-af1c-6a286e2810e1,education.pictures,resell,,,high,low,9,"Global Domains International, Inc. DBA DomainCostClub.com",15/12/2022 04:43,15/12/2026 04:43,26/09/2026 05:46
47ea1834-8cfa-4404-b107-5a0d39a57946,education.rehab,premium,1107,1107,high,low,9,namesilo,,,25/09/2026 10:41
526cd825-16d0-462c-8b0c-94b72a582cbf,education.deal,premium,640,640,high,low,9,namesilo,,,25/09/2026 10:41
3de8e8c5-95af-4153-8712-7d4742bbfdc7,education.top,premium,3927.55,5.03,high,low,9,namecheap,,,25/09/2026 10:41
d8e1feb3-81a5-4dc1-8414-f8767fcbe285,education.repair,available,12.99,36.99,high,low,9,namesilo,,,25/09/2026 10:41
6ab9b66a-0e1d-4138-b534-0be5bd10d359,education.film,premium,242,242,high,low,9,namesilo,,,25/09/2026 10:41
4c1c5d08-3f55-424d-ad35-6f9528aa569f,education.surf,premium,260,32.5,high,low,9,namecheap,,,25/09/2026 10:41
5c420cfa-814f-4d7e-82de-290c52d562f8,education.email,resell,,,high,low,9,"Global Domains International, Inc. DBA DomainCostClub.com",04/04/2026 15:15,04/04/2027 15:15,26/09/2026 05:46
8aab4318-e239-4858-b6a5-4d0338121472,education.cc,resell,,,high,low,9,"eName Technology Co., Ltd.",19/12/2012 09:03,19/12/2026 09:03,26/09/2026 05:46
da1e7e19-bb07-44e3-a4bc-2b3f0f15dd62,education.productions,premium,242,242,high,low,9,namesilo,,,25/09/2026 10:41
719073f3-ea60-4273-9327-947cf2c4e75c,education.cv,premium,1309.75,9.75,high,low,9,namecheap,,,25/09/2026 10:41
f7ae4f0f-d722-4369-a587-02c37efd079f,education.host,premium,1950,3900,high,low,9,namecheap,,,25/09/2026 10:41
a7ce2ffc-2604-418a-930f-74e3158b7fbe,education.recipes,available,8.99,77.99,high,low,9,namesilo,,,25/09/2026 10:41
c99893cd-3289-41f9-9995-054aa2118fd8,education.glass,premium,520,520,high,low,9,namecheap,,,25/09/2026 10:41
8aa2f4e5-4f2b-47c3-bdd1-3672affb39cb,education.immobilien,available,37.99,37.99,high,low,9,namesilo,,,25/09/2026 10:41
4a5da53b-6c40-4ef2-97c5-f930f8690e20,education.engineer,premium,1995,1995,high,low,9,namesilo,,,25/09/2026 10:41
5ae45c78-0efe-4256-9fab-f3d7a75183dc,education.cruises,premium,250,250,high,low,9,name.com,,,25/09/2026 10:41
8564e670-3c5f-43c0-bb05-965136962500,education.tv,resell,,,high,low,9,Dynadot Inc,21/12/2017 09:04,21/12/2027 09:04,26/09/2026 05:46
af5999e7-ac54-4257-bf44-4a2b63f43b05,education.rip,available,7.99,29.99,high,low,9,name.com,,,25/09/2026 10:41
20e57edc-bcaf-4f28-a4df-b4edebe255ce,education.irish,available,7.49,22.49,high,low,9,namesilo,,,25/09/2026 10:41
e5e0614c-753c-4425-8069-fa898a46477c,education.bid,resell,,,high,low,9,Dynadot Inc,26/07/2019 14:50,26/07/2027 14:50,26/09/2026 05:46
84df3a90-a8cb-4b11-9498-9bbd410da9e9,learning.shiksha,premium,780,780,high,low,8,namecheap,,,27/09/2026 01:54
e782047b-f7f4-4d98-8dac-339a7fa9a25a,education.bike,available,14.99,50.99,high,low,9,name.com,,,25/09/2026 10:41
d2510ff9-274a-4d69-906b-0907886e3873,education.diamonds,available,54.99,54.99,high,low,9,namesilo,,,25/09/2026 10:41
bc419224-9220-4547-85db-4f2a0c0430d5,education.pub,premium,1107,1107,high,low,9,namesilo,,,25/09/2026 10:41
8733b938-a5fe-4a44-91e2-8851270ce554,education.cyou,resell,,,high,low,9,"Global Domains International, Inc. DBA DomainCostClub.com",29/07/2020 04:58,29/07/2027 23:59,26/09/2026 05:46
08e2913f-81ae-44d2-b4ad-1a79f68857f8,education.toys,resell,,,high,low,9,Edomains LLC,04/02/2022 13:15,04/02/2027 13:15,26/09/2026 05:46
0b7c0763-f980-41d4-97bf-5e74c7562db9,education.kids,premium,375,22.5,high,low,9,name.com,,,25/09/2026 10:41
1287ef01-48fb-459f-853e-1f232511fcdc,education.meme,premium,187.5,187.5,high,low,9,name.com,,,25/09/2026 10:41
9cc29f59-8c0b-43a4-ae69-cb7174773e95,education.live,premium,3450,3450,high,low,9,namesilo,,,25/09/2026 10:41
23317592-adeb-48b3-b808-82a0975df97b,education.estate,resell,,,high,low,9,"Global Domains International, Inc. DBA DomainCostClub.com",25/02/2025 18:27,25/02/2027 18:27,26/09/2026 05:46
ced4e41b-4636-49fc-83cf-3ff06e478112,education.sex,resell,,,high,low,9,"Name.com, Inc.",09/06/2017 14:25,09/06/2027 14:25,26/09/2026 05:46
cb32251c-96ae-468e-b267-933479867cd1,education.vegas,premium,242,119.94,high,low,9,namesilo,,,25/09/2026 10:41
7832941e-aba9-4333-a0d4-7c6f6d300060,education.build,premium,1950,1950,high,low,9,namecheap,,,25/09/2026 10:41
a41ad093-ebf2-45fb-80d7-d0e530a60ea1,education.club,resell,,,high,low,9,"GoDaddy.com, LLC",27/02/2017 16:00,26/02/2027 23:59,26/09/2026 05:46
11d26ad8-b569-44d7-aed7-7e69f4cd5ca6,education.vodka,premium,250,46.99,high,low,9,name.com,,,25/09/2026 10:41
7140538f-637f-4793-b97e-23dad869563b,education.yoga,premium,854,29.5,high,low,9,namesilo,,,25/09/2026 10:41
74eb6d92-23fa-4d1a-b4ae-5cc0a80e5fc5,education.work,premium,1250,16.99,high,low,9,name.com,,,25/09/2026 10:41
9339c6a9-96cd-47dd-bf77-2f0867c52202,education.engineering,premium,118.8,118.8,high,low,9,namesilo,,,25/09/2026 10:41
f7b0e70d-ca97-4153-9fef-742a9c5b9ce1,education.bargains,premium,118.8,118.8,high,low,9,namesilo,,,25/09/2026 10:41
28519b88-f982-465b-ae01-3fe185a06df1,education.contractors,premium,78.54,78.54,high,low,9,namesilo,,,25/09/2026 10:41
db07a667-042b-4de6-b727-1bd03774cc8c,education.bio,premium,123.75,123.75,high,low,9,name.com,,,25/09/2026 10:41
3ec71cf0-5576-45f7-9563-c89c032357bb,education.talk,premium,625,625,high,low,9,name.com,,,25/09/2026 10:41
c0fb551f-ab07-4cb3-a427-979c79e781c4,education.store,premium,6900,6900,high,low,9,namesilo,,,25/09/2026 10:41
508b1e75-2e43-4e74-9fd8-14fe6bd8aa39,education.dental,premium,118.8,118.8,high,low,9,namesilo,,,25/09/2026 10:41
05b72ea0-04ff-41d0-a401-90d4d731dbf1,education.industries,premium,128.7,128.7,high,low,9,namecheap,,,25/09/2026 10:41
7d2ea3d2-1803-4f52-b872-9c83fac7bef2,education.sucks,premium,2658.67,2658.67,high,low,9,namesilo,,,25/09/2026 10:41
4144517d-8afb-482e-a822-6a2563e8de3b,education.graphics,premium,42.9,42.9,high,low,9,namecheap,,,25/09/2026 10:41
11e6988d-8db0-4f12-b3ae-3fcb87452849,education.restaurant,available,23.99,83.99,high,low,9,name.com,,,25/09/2026 10:41
f46bb0a9-1c44-4caa-adbf-de43dce9b95b,education.promo,premium,3125,3125,high,low,9,name.com,,,25/09/2026 10:41
2fb42e31-c904-42c7-a840-c2a9db952ff7,education.how,premium,686.25,686.25,high,low,9,name.com,,,25/09/2026 10:41
bad34511-5cd0-4bb0-a388-115a4d92772a,education.poker,premium,85.8,85.8,high,low,9,namecheap,,,25/09/2026 10:41
e6801339-cf92-439c-a76c-ff7784e08dc1,education.kim,available,12.99,23.49,high,low,9,namesilo,,,25/09/2026 10:41
09fef4b4-0a15-41cc-88a0-604e5a335327,education.cricket,premium,6900,116,high,low,9,namesilo,,,25/09/2026 10:41
8c56f989-51f8-431d-8125-50e7dc9ee505,education.casa,premium,52,13,high,low,9,namecheap,,,25/09/2026 10:41
372c1b77-2653-443c-abfd-c5b63d358ca7,education.srl,premium,54.28,30.68,high,low,9,namesilo,,,25/09/2026 10:41
547399b0-3c47-4e4e-89c8-6f2b4017810b,education.living,premium,640,640,high,low,9,namesilo,,,25/09/2026 10:41
d153c7da-b27d-415c-bde7-03fcf56d707d,education.show,resell,,,high,low,9,"DNSPod, Inc.",22/02/2019 23:23,22/02/2027 23:23,26/09/2026 05:46
7285c4e4-4fef-41a4-8f5b-e1663232790a,education.hamburg,available,69.98,73.98,high,low,9,namecheap,,,25/09/2026 10:41
e37d05c3-3f5b-4bf0-8a89-16a02011ca4a,education.forum,resell,,,high,low,9,Porkbun LLC,19/08/2025 15:33,19/08/2027 15:33,26/09/2026 05:46
4f9505c8-5611-4d29-94ee-6026eb45eff7,education.gold,resell,,,high,low,9,"DNSPod, Inc.",01/04/2023 15:15,01/04/2027 15:15,26/09/2026 05:46
df067677-d0b5-4fe5-bb94-e6f548b92e46,education.services,resell,,,high,low,9,"Spaceship, Inc.",25/06/2015 08:27,25/06/2027 08:27,26/09/2026 05:46
175609a6-9d16-468a-9297-2a1523ec02a7,education.loan,premium,13800,116,high,low,9,namesilo,,,25/09/2026 10:41
bcdf53ba-adfb-443b-9751-9dbc8deb5a99,education.dog,resell,,,high,low,9,Infomaniak Network SA,19/08/2015 16:34,19/08/2027 16:34,26/09/2026 05:46
4fdde411-3e09-44de-b54e-219556323486,education.green,premium,1107,1107,high,low,9,namesilo,,,25/09/2026 10:41
c75a4fad-195c-434b-ad77-cab50b376101,education.gay,premium,116,116,high,low,9,namesilo,,,25/09/2026 10:41
441371f7-1f56-42dc-9543-8a610ade22c8,education.theatre,available,509.99,529.99,high,low,9,namesilo,,,25/09/2026 10:41
d97f088b-5f60-428b-ab9e-e7f2ec8baf85,education.adult,resell,,,high,low,9,"Name.com, Inc.",09/06/2017 14:30,09/06/2027 14:30,26/09/2026 05:46
dbbf23e3-dba9-40fd-92ea-931eb79be64e,education.blackfriday,available,114.99,114.99,high,low,9,namesilo,,,25/09/2026 10:41
f31ce6b1-9b75-48a5-90f2-39697486557c,education.flowers,available,64.99,114.99,high,low,9,namesilo,,,25/09/2026 10:41
26109f6e-af2d-4332-bd12-5af93ea7da9b,education.tattoo,available,2.98,48.98,high,low,9,namecheap,,,25/09/2026 10:41
c3848a5e-3757-43f7-90e3-56906716104b,education.kitchen,available,14.99,84.99,high,low,9,name.com,,,25/09/2026 10:41
24bbc334-be78-47e9-8e2e-da91ed4a8929,education.inc,premium,2061.5,2660,high,low,9,namesilo,,,25/09/2026 10:41
c885be2e-ea46-47ad-813d-6c45f3ef656d,learning.prof,premium,843.7,843.7,high,low,8,namecheap,,,27/09/2026 01:54
4e5e2234-9252-4a45-8eaf-5a723d317a14,education.gallery,premium,85.8,85.8,high,low,9,namecheap,,,25/09/2026 10:41
dad47cb9-3430-44ef-af5d-3de8f712f1ca,education.diy,premium,640,640,high,low,9,namesilo,,,25/09/2026 10:41
8d9ac945-48e1-415a-9a08-82c6edc41b5a,education.ryukyu,available,17.98,22.98,high,low,9,namecheap,,,25/09/2026 10:41
ab9aa950-a05f-4239-abe6-ccb87c4fa3f0,education.fund,premium,1040,1040,high,low,9,namecheap,,,25/09/2026 10:41
1ffb0346-58b4-46a4-8e90-55f344db1c5f,education.phd,premium,843.7,843.7,high,low,9,namecheap,,,25/09/2026 10:41
20d29fcd-f7b4-44ab-86a3-b19b5460a069,school.degree,premium,1107,1107,high,medium,6,namesilo,,,23/09/2026 11:06
8ed6c52c-a5da-4e3c-b6f6-6b20fcef4d90,education.maison,available,57.99,57.99,high,low,9,namesilo,,,25/09/2026 10:41
bada1711-16d5-4cf5-b2e0-45418b4ee487,education.works,premium,512,512,high,low,9,namesilo,,,25/09/2026 10:41
337b7ea9-ba32-4698-b974-6fa845a73497,education.tech,premium,13800,13800,high,low,9,namesilo,,,25/09/2026 10:41
e0f4fa77-f6d1-4ab3-b56e-c8fc207963a2,education.car,available,1999.99,2199,high,low,9,namesilo,,,25/09/2026 10:41
501163c8-f1ad-451b-a431-f31b1f9f10e6,education.giving,available,5.99,40.99,high,low,9,name.com,,,25/09/2026 10:41
e289c0e3-abf8-400d-ba1c-b08c141b8557,school.college,premium,13800,13800,high,medium,6,namesilo,,,23/09/2026 11:06
2e437344-a8cf-4763-b0b2-6daa21ca683e,education.faith,premium,3125,125,high,low,9,name.com,,,25/09/2026 10:41
9e8f50ce-63fb-43ea-bff0-0a2b09cbd2c4,education.esq,premium,811.25,811.25,high,low,9,name.com,,,25/09/2026 10:41
f3e54b7b-6d26-4054-8a22-1d5cc808bed1,education.moda,premium,118.8,118.8,high,low,9,namesilo,,,25/09/2026 10:41
a0352450-0457-45da-af75-93aef07b3a33,education.army,available,18.99,39.99,high,low,9,namesilo,,,25/09/2026 10:41
8c656bbf-63ea-4da1-ad94-e906d5c050af,education.soccer,available,19.99,37.99,high,low,9,name.com,,,25/09/2026 10:41
38ad9ba5-610b-4389-b6df-698949f806d1,education.barcelona,available,39.99,42.99,high,low,9,name.com,,,25/09/2026 10:41
65a8800e-f086-43dc-87e3-89b21a1286c4,education.charity,premium,242,242,high,low,9,namesilo,,,25/09/2026 10:41
9e75b49c-0d2d-42b1-b42e-1f6f4b33da54,education.forsale,premium,500,500,high,low,9,name.com,,,25/09/2026 10:41
c530c4e7-678a-4e24-8452-6ef8f74cdc7b,education.organic,available,17.99,85.99,high,low,9,namesilo,,,25/09/2026 10:41
10defda3-1918-4016-bdef-c61a352d2d87,education.page,premium,638.72,638.72,high,low,9,namesilo,,,25/09/2026 10:41
387542fe-e17a-4d25-a8a8-6fda2bd3aa4f,education.software,premium,3450,3450,high,low,9,namesilo,,,25/09/2026 10:41
02b1078c-6c9c-476a-9e80-083ed93a87f4,learning.info,resell,,,high,low,8,"NameCheap, Inc.",13/07/2002 19:39,13/07/2030 19:39,27/09/2026 01:54
701135b7-d58c-4bb7-83c6-ac5b7a9fe3c0,education.mortgage,premium,242,242,high,low,9,namesilo,,,25/09/2026 10:41
b51aa4e6-94db-41d1-8d5f-b317e5952cc8,education.christmas,available,34.99,34.99,high,low,9,namesilo,,,25/09/2026 10:41
93e0ea14-15bf-4ade-9669-2b2b6f08ee0a,education.link,premium,4830,4830,high,low,9,namesilo,,,25/09/2026 10:41
a2a31d65-3069-4bce-b93b-4953a3819a59,education.moe,premium,96,14.16,high,low,9,namesilo,,,25/09/2026 10:41
386db781-a324-4dd1-a964-af98fa4e37d9,education.vana,available,2298,2498,high,low,9,namecheap,,,25/09/2026 10:41
6cae5399-6951-4590-9945-00fda52bb24e,education.navy,available,41.99,41.99,high,low,9,namesilo,,,25/09/2026 10:41
ebb103e5-5353-40c4-a6bb-29d20ddb4317,education.loans,premium,854,854,high,low,9,namesilo,,,25/09/2026 10:41
9bb4a7f2-90f4-448b-86b6-74d4a6185d28,education.florist,available,31.98,41.98,high,low,9,namecheap,,,25/09/2026 10:41
086633b8-e414-48b5-a4df-c185ae3075af,education.camera,premium,512,512,high,low,9,namesilo,,,25/09/2026 10:41
de66d0e7-6759-49a6-97cb-53c2c47f713a,education.futbol,available,7.49,17.99,high,low,9,namesilo,,,25/09/2026 10:41
1f9f1ebd-b5da-4cc9-834d-4f995087e360,education.democrat,premium,250,250,high,low,9,name.com,,,25/09/2026 10:41
3b20c9fb-4032-4ccf-bc3d-4fdf0be79630,education.domains,premium,242,242,high,low,9,namesilo,,,25/09/2026 10:41
819f63f6-2514-455e-a754-c4f13b932ec6,school.diet,available,104.99,114.99,high,medium,6,namesilo,,,23/09/2026 11:06
59ffb18f-45be-416c-ae78-e81bb03c2d8a,education.sh,resell,,,high,low,9,"GoDaddy.com, LLC",20/08/2025 08:59,20/08/2027 08:59,26/09/2026 05:46
ad9bcb51-0c4c-4f57-a04c-200f7e80a840,education.food,premium,640,640,high,low,9,namesilo,,,25/09/2026 10:41
64045fe6-1efc-43e1-be23-7cc828282e56,education.gifts,premium,242,242,high,low,9,namesilo,,,25/09/2026 10:41
597235fd-17c6-4dc4-95e7-f9f1b2a90040,education.casino,available,14.99,159.99,high,low,9,namesilo,,,25/09/2026 10:41
856b2c10-89fc-4a95-b7a0-6e074f48f1c0,school.family,premium,512,512,high,medium,6,namesilo,,,23/09/2026 11:06
26d626ba-28d1-4f95-b957-25a24a1da846,school.site,premium,6900,6900,high,medium,6,namesilo,,,23/09/2026 11:06
6ce10f99-1bb1-4d0a-ac8f-d4ebccbebd05,education.credit,available,11.49,104.99,high,low,9,namesilo,,,25/09/2026 10:41
7f3baf7d-de10-41ca-a792-e992c13a9498,school.racing,premium,640,302.5,high,medium,6,namesilo,,,23/09/2026 11:06
c8e232d7-c175-4ec9-8c45-677592245078,education.cloud,premium,2660,2660,high,low,9,namesilo,,,25/09/2026 10:41
58d2a50a-63fb-49c5-b987-6af8d8fff971,learning.cv,premium,1309.75,9.75,high,low,8,namecheap,,,27/09/2026 01:54
ef1726b7-f077-4b48-b33c-15f961f22ba9,education.holiday,available,64.99,64.99,high,low,9,namesilo,,,25/09/2026 10:41
8b2168b5-2197-4432-9d10-0e725f092425,education.tires,available,5.99,78.99,high,low,9,namesilo,,,25/09/2026 10:41
157439ce-f38c-4670-abb6-1b27d9869946,education.hockey,available,59.99,59.99,high,low,9,namesilo,,,25/09/2026 10:41
ae16e6d0-1e04-4e69-a319-a519405d432e,education.actor,premium,118.8,118.8,high,low,9,namesilo,,,25/09/2026 10:41
1e946f33-fb84-41b3-ad45-820107840776,education.country,available,2298,2450,high,low,9,namecheap,,,25/09/2026 10:41
0d3578a7-ef44-4262-9100-c4599442d53a,education.hosting,premium,1729,1729,high,low,9,namesilo,,,25/09/2026 10:41
81688f72-9a1f-4046-970a-7fcce7640184,education.church,resell,,,high,low,9,"Name.com, Inc.",17/09/2014 22:52,17/09/2027 22:52,26/09/2026 05:46
5d9dd022-f9e9-4999-9ad4-f01b97648224,education.rodeo,premium,854,11.8,high,low,9,namesilo,,,25/09/2026 10:41
a30f2e73-7ef5-4856-bd49-d15d7f9d29c4,education.limited,premium,78.54,78.54,high,low,9,namesilo,,,25/09/2026 10:41
39c18e01-c94c-4a39-b2c9-18814e41855f,school.catering,premium,512,512,high,medium,6,namesilo,,,23/09/2026 11:06
2a66a767-d47b-4004-a2f7-fb2e618b9ef4,school.rent,resell,,,high,medium,6,"GoDaddy.com, LLC",21/09/2025 00:06,21/09/2027 23:59,26/09/2026 08:51
98b45d76-8b01-4142-b44d-9ff1d7f862b5,education.fan,premium,128.7,128.7,high,low,9,namecheap,,,25/09/2026 10:41
0f4406ef-9d37-4ab2-a893-0adf08d87f31,school.expert,resell,,,high,medium,6,"Sav.com, LLC - 34",02/04/2026 15:16,02/04/2027 15:16,26/09/2026 08:51
89312b0b-48d1-454a-87f1-8a3617f50533,school.photos,resell,,,high,medium,6,Porkbun LLC,15/06/2015 19:09,15/06/2027 19:09,26/09/2026 08:51
d86fd5bd-57b7-4cf4-b82d-73cfdb8507b6,education.auto,available,1999.99,2199,high,low,9,namesilo,,,25/09/2026 10:41
345df96c-1527-4c92-88a5-227da23ca567,education.observer,premium,854,854,high,low,9,namesilo,,,25/09/2026 10:41
c95210fc-83da-4fec-b5e9-5fa050938654,school.wtf,resell,,,high,medium,6,"Sav.com, LLC - 24",09/02/2026 15:15,09/02/2027 15:15,26/09/2026 08:51
22da54be-3cf8-4e72-9637-c0bab3f4528b,education.investments,premium,512,512,high,low,9,namesilo,,,25/09/2026 10:41
440ba207-a5ea-4c45-8736-d3e38f74bf00,learning.study,premium,1300,1300,high,low,8,namecheap,,,27/09/2026 01:54
9704c586-9388-4b5a-8b0d-65c34de898aa,learning.space,resell,,,high,low,8,Epik LLC,18/11/2016 08:14,18/11/2026 23:59,27/09/2026 01:54
dce37f9e-a3d0-439d-8c01-7dd9b2313e68,school.democrat,available,7.25,32.99,high,medium,6,namesilo,,,23/09/2026 11:06
e1fc07b5-0a17-40e0-bde1-c90e73423deb,school.hosting,available,309.99,429.99,high,medium,6,namesilo,,,23/09/2026 11:06
3f9a66fb-3a1f-402a-b94d-8b0b98305839,education.plumbing,available,72.99,72.99,high,low,9,namesilo,,,25/09/2026 10:41
4c655a54-ff8e-4965-b226-0418e819cb33,school.eco,premium,9735.05,74.75,high,medium,6,namecheap,,,23/09/2026 11:06
0bf75aed-4259-4dc0-8b63-24970bd05f4e,education.fyi,resell,,,high,low,9,Dynadot Inc,05/10/2023 03:01,05/10/2028 03:01,26/09/2026 05:46
8b637c3b-a636-4f3a-b56f-b6dd0bdcb049,school.you,premium,640,640,high,medium,6,namesilo,,,23/09/2026 11:06
f1b649bc-9102-40a1-82cc-e594717545fe,school.navy,available,41.99,41.99,high,medium,6,namesilo,,,23/09/2026 11:06
d6234777-9e30-4182-9eb8-ffa8371cf9bd,school.love,premium,640,640,high,medium,6,namesilo,,,23/09/2026 11:06
b00f1e73-5914-4968-b8d0-a913d03dd872,education.rich,available,149.99,299.99,high,low,9,name.com,,,25/09/2026 10:41
58d3b1c9-cafa-46f0-979b-30deeb0ec926,school.forsale,premium,128.7,128.7,high,medium,6,namecheap,,,23/09/2026 11:06
27d4b5a9-f0e4-46c7-b061-a4b981134f0c,school.phd,premium,843.7,843.7,high,medium,6,namecheap,,,23/09/2026 11:06
36c893ac-ed83-42ba-bf07-512eb521ff0e,education.co,resell,,,high,low,9,Hello Internet Corp.,25/02/2010 00:15,24/02/2027 23:59,26/09/2026 05:46
defa562e-df42-46ee-8276-c90770009c3b,learning.giving,available,7.48,35.98,high,low,8,namecheap,,,27/09/2026 01:54
2606cfa6-afe7-41f4-9d89-127919c9f555,learning.attorney,premium,4140,4140,high,low,8,namesilo,,,27/09/2026 01:54
bc7f88bd-733d-47de-90b6-2f32fa1e8691,learning.fitness,resell,,,high,low,8,"Sav.com, LLC - 46",10/09/2025 15:15,10/09/2027 15:15,27/09/2026 01:54
093bfb5b-9ed0-44c5-a4d6-ee6b74fcb35c,school.bargains,premium,242,242,high,medium,6,namesilo,,,23/09/2026 11:06
70bf4618-d4f5-4447-bca2-73271a2910d9,school.gripe,available,6.99,6.99,high,medium,6,namesilo,,,23/09/2026 11:06
0b8a0f24-0b41-4d8a-97f0-84a25b80a5cb,school.charity,premium,242,242,high,medium,6,namesilo,,,23/09/2026 11:06
435055d4-e0a0-4961-a552-3cd81186b747,school.software,premium,3450,3450,high,medium,6,namesilo,,,23/09/2026 11:06
65094aa1-4b76-4540-9f3d-81e729924072,school.sexy,available,2998,3298,high,medium,6,namecheap,,,23/09/2026 11:06
50152add-efb0-408b-87da-4535363dcdf7,school.estate,available,15.99,38.99,high,medium,6,namesilo,,,23/09/2026 11:06
89f90572-4e72-43b0-ac6d-077060ca76ca,school.fitness,premium,242,242,high,medium,6,namesilo,,,23/09/2026 11:06
b612a4c2-58be-460a-8cce-fe46a4a6690d,education.moi,premium,640,640,high,low,9,namesilo,,,25/09/2026 10:41
ec54c8b7-f1cd-4b77-a89b-31797036e784,school.talk,premium,640,640,high,medium,6,namesilo,,,23/09/2026 11:06
3328d027-e97d-4991-922c-8342b174bf44,education.social,premium,500,500,high,low,9,name.com,,,25/09/2026 10:41
543cabfd-418b-4688-8090-5ae27a9e5a55,learning.singles,available,3.98,36.98,high,low,8,namecheap,,,27/09/2026 01:54
14422cb0-e2a0-45d7-9376-0218f3babf38,education.immo,premium,242,242,high,low,9,namesilo,,,25/09/2026 10:41
ade9be7e-fcfa-4891-89e7-722af43a2c10,education.realty,available,109.99,299,high,low,9,namesilo,,,25/09/2026 10:41
4254f9c7-ce98-40e2-8def-1007afe998ab,school.lease,premium,118.8,118.8,high,medium,6,namesilo,,,23/09/2026 11:06
8ad076a2-987f-4b63-9da6-36b6b5ec04b3,education.tienda,available,59.99,59.99,high,low,9,namesilo,,,25/09/2026 10:41
024241e0-ac96-441b-a004-c73acadc0581,education.boo,premium,623.75,623.75,high,low,9,name.com,,,25/09/2026 10:41
45afe904-63f9-4fb6-91d0-98b902b70fcc,learning.fm,premium,249.6,102,high,low,8,namesilo,,,27/09/2026 01:54
48c7a725-aa36-4591-85a3-87a1fcedcad7,education.limo,available,54.99,54.99,high,low,9,namesilo,,,25/09/2026 10:41
b65ead79-6746-4b03-898a-469a157e1ea0,school.prof,premium,843.7,843.7,high,medium,6,namecheap,,,23/09/2026 11:06
a6f30b2a-fcec-4174-bff9-b5b264265d7e,learning.guitars,available,108.98,159.98,high,low,8,namecheap,,,27/09/2026 01:54
bb5aef82-2815-4704-97b6-899cd9719d1f,education.bayern,available,34.99,34.99,high,low,9,namesilo,,,25/09/2026 10:41
77c3c4ce-d14c-4fea-935a-7d3cf9344887,education.space,premium,3745.83,14983.33,high,low,9,name.com,,,25/09/2026 10:41
62d4cfe8-ca70-4ab2-a29f-caa3d382923c,school.media,resell,,,high,medium,6,"Sav.com, LLC",17/06/2015 16:04,17/06/2027 16:04,26/09/2026 08:51
305b4f56-2d70-458c-9142-39d2f3f5ea70,learning.blog,premium,1625,6500,high,low,8,namecheap,,,27/09/2026 01:54
dfcc7cff-4636-480d-9e0d-663134d7e866,learning.jetzt,available,23.99,23.99,high,low,8,namesilo,,,27/09/2026 01:54
e9641c21-74d5-4981-b11d-aa753f114488,school.cyou,premium,384,768,high,medium,6,namesilo,,,23/09/2026 11:06
76b4652f-fa0f-43c9-beea-2f027d3aae41,education.care,premium,260,520,high,low,9,namecheap,,,25/09/2026 10:41
f938b98d-83fd-4a60-a802-ba3ad48a3af0,learning.tennis,premium,118.8,118.8,high,low,8,namesilo,,,27/09/2026 01:54
c69cf44b-ece8-42c8-8f0c-7cfc6ce91d2d,learning.sale,resell,,,high,low,8,"Chengdu West Dimension Digital Technology Co., Ltd.",17/03/2025 15:15,17/03/2027 15:15,27/09/2026 01:54
1572f6ea-8934-4da8-ab3e-8c616013f9c9,learning.institute,resell,,,high,low,8,"Spaceship, Inc.",15/07/2015 16:00,15/07/2027 16:00,27/09/2026 01:54
e368a3f4-37a6-4951-8913-bd3e1b3dfdff,learning.auto,available,1999.99,2199,high,low,8,namesilo,,,27/09/2026 01:54
04c659a8-4b77-4baa-becc-f40bb6caa955,school.cfd,premium,384,768,high,medium,6,namesilo,,,23/09/2026 11:06
35c08fc4-23f4-49b9-af6d-04d5effb62bb,school.co,resell,,,high,medium,6,Hello Internet Corp.,25/02/2010 00:52,24/02/2027 23:59,26/09/2026 08:51
6af6503a-425f-4e66-b97a-0f5b7e0d1afb,education.parts,premium,123.75,123.75,high,low,9,name.com,,,25/09/2026 10:41
c8101ce7-fdc5-42db-a01e-dd9ed35b4e25,school.ooo,available,24.99,24.99,high,medium,6,namesilo,,,23/09/2026 11:06
212b18b9-387e-40f9-bbe4-c47337ce6577,education.so,resell,,,high,low,9,SOSTEC TECHNOLOGIES_LR,23/09/2024 05:01,23/09/2025 05:01,
ff6703cd-1358-44a8-b18e-73ab202582bb,learning.surgery,available,57.98,68.98,high,low,8,namecheap,,,27/09/2026 01:54
eede2c60-8b91-4844-9c6c-d3fc7a31abdd,education.mom,premium,832,832,high,low,9,namesilo,,,25/09/2026 10:41
34b00af7-39df-4fd9-a0df-f7f5c57d578a,education.one,resell,,,high,low,9,Porkbun,10/08/2017 02:23,10/08/2027 02:23,26/09/2026 05:46
459dfd14-1f2c-477c-b49e-fbfd772876bf,school.website,premium,1107,1107,high,medium,6,namesilo,,,23/09/2026 11:06
6281e19b-3872-4ce2-bfeb-188974b95abc,school.gmbh,available,47.98,56.98,high,medium,6,namecheap,,,23/09/2026 11:06
8956c46e-e881-4c8b-8b76-25fff40aec0a,learning.life,resell,,,high,low,8,"GoDaddy.com, LLC",07/07/2015 20:50,07/07/2027 20:50,27/09/2026 01:54
982a87f5-1fdc-413c-b96e-97c75bbe7b85,learning.date,premium,384,53.92,high,low,8,namesilo,,,27/09/2026 01:54
1adc3830-cf49-4069-ac41-3ae258ceb6bb,school.ventures,resell,,,high,medium,6,"Sav.com, LLC - 12",03/04/2026 15:15,03/04/2027 15:15,26/09/2026 08:51
8900740b-14a6-4e31-bf15-a061b102cb16,school.press,premium,6900,6900,high,medium,6,namesilo,,,23/09/2026 11:06
61f8f8cd-12e3-4834-842d-f1f1a56efce3,learning.archi,available,19.99,103.99,high,low,8,namesilo,,,27/09/2026 01:54
9237e275-0fc2-498f-8d80-1e99c412da30,education.forex,premium,1300,1300,high,low,9,namecheap,,,25/09/2026 10:41
41ad03f5-7fe6-4192-9c12-8febc121bc7c,education.luxe,premium,2660,17.7,high,low,9,namesilo,,,25/09/2026 10:41
d197df04-8971-40e9-afb4-a32d17377a39,learning.navy,available,41.99,41.99,high,low,8,namesilo,,,27/09/2026 01:54
4291bbf6-1606-46bc-b57e-22d2b4d6763b,education.fish,premium,118.8,118.8,high,low,9,namesilo,,,25/09/2026 10:41
334a6afd-404a-4f33-a979-8c052d118447,education.beauty,premium,2660,2660,high,low,9,namesilo,,,25/09/2026 10:41
b9b4ff2b-9737-4e7e-909a-0e5f52c9406e,education.accountant,premium,1107,116,high,low,9,namesilo,,,25/09/2026 10:41
c7eafbd4-bca1-496d-8069-e2ee24f1147b,school.vegas,premium,242,119.94,high,medium,6,namesilo,,,23/09/2026 11:06
a3f0e928-050b-4ae0-adc6-55fc85f13d05,learning.tv,resell,,,high,low,8,InternetX GmbH,18/03/2010 17:14,18/03/2027 17:14,27/09/2026 01:54
edb72649-a35b-45d3-85e8-386a955b08f4,education.blog,premium,1662.5,6900,high,low,9,namesilo,,,25/09/2026 10:41
1b795a6d-748b-4efd-8f84-897a451f87fb,school.accountants,available,117.99,117.99,high,medium,6,namesilo,,,23/09/2026 11:06
348164b0-9622-4b57-a137-7881acb88f4b,school.airforce,premium,78.54,78.54,high,medium,6,namesilo,,,23/09/2026 11:06
6c4e717a-c9fa-446f-84d0-aa4b29a8b907,learning.film,premium,242,242,high,low,8,namesilo,,,27/09/2026 01:54
330fcb2b-eb98-4c27-9a10-a59e7afda0e3,learning.site,premium,13800,13800,high,low,8,namesilo,,,27/09/2026 01:54
8e22560b-4ecf-482f-8b29-93d0690155ab,learning.observer,premium,23.6,23.6,high,low,8,namesilo,,,27/09/2026 01:54
8fc8369e-1d4b-4cd9-9377-9a71e305b7e6,learning.dad,premium,648.7,648.7,high,low,8,namecheap,,,27/09/2026 01:54
21aaa6bd-34aa-442d-b12e-3b1a25e473ea,education.makeup,premium,2660,2660,high,low,9,namesilo,,,25/09/2026 10:41
6e0f024c-2fb9-4e10-aa6a-738064216786,school.training,resell,,,high,medium,6,"Spaceship, Inc.",06/03/2023 15:15,06/03/2027 15:15,26/09/2026 08:51
cd9ed854-51ad-4de1-86a2-85471c1d1a64,education.gives,available,14.99,23.99,high,low,9,namesilo,,,25/09/2026 10:41
659c0ff9-a82f-45b3-a300-a23bfb8bf20a,learning.lease,available,58.98,73.98,high,low,8,namecheap,,,27/09/2026 01:54
21459873-e986-402a-b512-393c98430a55,school.bar,premium,576,576,high,medium,6,namesilo,,,23/09/2026 11:06
eaae7912-3ac0-4aca-8aaf-334aa5b629e8,school.rsvp,premium,648.7,648.7,high,medium,6,namecheap,,,23/09/2026 11:06
b6dcccb8-f1c8-4594-a87c-7b7853620986,learning.bar,premium,576,576,high,low,8,namesilo,,,27/09/2026 01:54
5b72c814-c8bb-4e30-be92-e4306fe0f77c,learning.protection,available,2070,2950,high,low,8,namecheap,,,27/09/2026 01:54
6a76c3ee-f451-4e06-9fd4-90f13f358ffb,education.style,premium,78.54,78.54,high,low,9,namesilo,,,25/09/2026 10:41
6b2c2a6e-4841-477d-b4e5-1aa138a036f7,education.fashion,premium,100,46.99,high,low,9,name.com,,,25/09/2026 10:41
22be7238-9aaf-4b2f-ba8e-1e5d24bd5fe8,learning.ryukyu,available,17.98,22.98,high,low,8,namecheap,,,27/09/2026 01:54
891ebb19-de07-4f4d-b821-5bf55a6dceed,school.skin,premium,11040,11040,high,medium,6,namesilo,,,23/09/2026 11:06
241274ac-f53e-43bc-89ca-837af17bc5a3,education.vacations,resell,,,high,low,9,"Global Domains International, Inc. DBA DomainCostClub.com",25/02/2025 18:27,25/02/2027 18:27,26/09/2026 05:46
097b2274-a3e6-4524-b274-d8c43909bd8d,education.reisen,premium,118.8,118.8,high,low,9,namesilo,,,25/09/2026 10:41
f0cb9382-67c0-43ba-b65f-d0f4a7bad667,learning.house,resell,,,high,low,8,Dynadot Inc,08/07/2025 15:16,08/07/2027 15:16,27/09/2026 01:54
92c5e03c-ca76-45b2-b0ca-4681ef6397ca,school.clinic,available,20.99,64.99,high,medium,6,namesilo,,,23/09/2026 11:06
ecedf45b-fbb1-4167-a7f7-c2db89e1f7cb,learning.immobilien,available,37.99,37.99,high,low,8,namesilo,,,27/09/2026 01:54
d522cbcf-12e1-442e-8866-9ecb6de63bf5,learning.london,premium,135.68,31.27,high,low,8,namesilo,,,27/09/2026 01:54
6b79c238-7728-4104-bc53-756915f24b83,learning.black,available,27.99,64.99,high,low,8,namesilo,,,27/09/2026 01:54
2daf6a1a-2337-4b0e-9c48-038141baa19b,school.cars,available,1999.99,2199,high,medium,6,namesilo,,,23/09/2026 11:06
1581ed6d-bfad-42c1-8cbe-b9a52824957d,learning.moi,available,25.99,25.99,high,low,8,namesilo,,,27/09/2026 01:54
69355027-bbaf-4d38-9977-7101185d5b3e,education.fast,premium,650,650,high,low,9,namecheap,,,25/09/2026 10:41
e03aa5f4-c5b5-48d5-a198-5e593de5ef8c,school.guitars,available,104.99,114.99,high,medium,6,namesilo,,,23/09/2026 11:06
cdf2c0ae-ab20-40ec-813a-c95b723ededc,learning.rsvp,premium,648.7,648.7,high,low,8,namecheap,,,27/09/2026 01:54
7dba8e82-306c-4a4f-86e1-952a611c036a,education.farm,resell,,,high,low,9,"Sav.com, LLC",03/01/2026 17:00,03/01/2027 17:00,26/09/2026 05:46
b76f4134-6355-405f-b37a-d87c3883dc32,learning.gmbh,available,45.99,45.99,high,low,8,namesilo,,,27/09/2026 01:54
4f3b6c8b-ee41-4b35-a225-de6db7f56431,education.digital,resell,,,high,low,9,"GoDaddy.com, LLC",10/01/2018 16:18,10/01/2027 16:18,26/09/2026 05:46
89e2bff9-14d2-4bff-9913-953b3d40acb8,education.win,premium,455,65,high,low,9,namecheap,,,25/09/2026 10:41
ac6cbdfc-0df5-4973-8f6a-585d17b04332,school.barcelona,available,38.98,38.98,high,medium,6,namecheap,,,23/09/2026 11:06
eeb6d06f-89d0-473c-a8f9-8899ba390084,school.vacations,premium,242,242,high,medium,6,namesilo,,,23/09/2026 11:06
370bc175-25cd-438f-ad84-8878d9cf19e9,education.house,resell,,,high,low,9,"Global Domains International, Inc. DBA DomainCostClub.com",25/02/2025 18:27,25/02/2027 18:27,26/09/2026 05:46
9315a242-839b-4b78-a18b-bd77facf11a3,learning.tires,available,5.99,78.99,high,low,8,namesilo,,,27/09/2026 01:54
cacdf526-77b7-4454-a1fe-ec7ab30a173c,teaching.schule,available,28.99,28.99,high,low,8,namesilo,,,24/09/2026 22:15
bb751206-a5b6-42a8-84af-3bec1c1db1d6,learning.software,premium,512,512,high,low,8,namesilo,,,27/09/2026 01:54
9f3fff70-b55d-4043-a81b-84c6296dc63c,education.webcam,available,11.99,11.99,high,low,9,namesilo,,,25/09/2026 10:41
43df9bdf-5bc5-4a11-a899-739245b7dd69,school.fast,premium,640,640,high,medium,6,namesilo,,,23/09/2026 11:06
b4dd363e-a0ae-4b03-8de3-00c20f98dd74,school.vet,available,41.99,41.99,high,medium,6,namesilo,,,23/09/2026 11:06
f641cbd2-855b-450d-9e42-6b71799100bb,education.villas,premium,118.8,118.8,high,low,9,namesilo,,,25/09/2026 10:41
dd4b887f-c0d2-47c5-9e5c-63ed3f3ef9ae,school.cloud,premium,13800,13800,high,medium,6,namesilo,,,23/09/2026 11:06
9e77e132-16f0-4394-a5e2-4135cb624b7a,learning.cleaning,available,75.49,75.49,high,low,8,namesilo,,,27/09/2026 01:54
1c95b2b8-a1e5-4d81-a4dc-6ba7d6a6695f,education.shopping,premium,520,520,high,low,9,namecheap,,,25/09/2026 10:41
8393b285-0146-4513-8c55-877e372c77f8,school.gift,available,14.99,14.99,high,medium,6,namesilo,,,23/09/2026 11:06
198d49e3-26a6-4e1e-bd78-d9f0980938fc,school.restaurant,available,20.99,64.99,high,medium,6,namesilo,,,23/09/2026 11:06
4bcdf952-7a14-4ba9-93e3-e7c8fe65e013,learning.gift,available,14.99,14.99,high,low,8,namesilo,,,27/09/2026 01:54
1f2b95f3-a4fa-4369-98d9-accfb1af3e20,education.taxi,available,10.99,84.99,high,low,9,name.com,,,25/09/2026 10:41
b016b33f-0560-42e9-ba5d-0193ced957d9,learning.fit,resell,,,high,low,8,"Chengdu West Dimension Digital Technology Co., Ltd.",06/09/2022 01:28,06/09/2027 01:28,27/09/2026 01:54
614bf646-7f80-4e13-a6fe-8e7fe7ce7c74,school.shopping,premium,512,512,high,medium,6,namesilo,,,23/09/2026 11:06
e5e14f29-bce4-4c61-a6b8-0b3f83a2484d,education.market,premium,242,242,high,low,9,namesilo,,,25/09/2026 10:41
affb85c3-138f-480e-a642-4342d68b9be2,education.sbs,premium,74.75,149.5,high,low,9,namecheap,,,25/09/2026 10:41
119794cf-583f-48a7-b19a-12662d71bd8b,learning.desi,available,19.98,22.98,high,low,8,namecheap,,,27/09/2026 01:54
8487f527-dabe-4b33-82c1-b80bf27d516f,school.reise,available,27.89,97.99,high,medium,6,namesilo,,,23/09/2026 11:06
724bdc16-7ef9-4a45-a91e-fce5ebcefac1,school.shiksha,resell,,,high,medium,6,"NameCheap, Inc.",29/12/2025 18:00,29/12/2026 18:00,26/09/2026 08:51
b7002b39-5f0e-4b85-9501-be44bc6caa3a,education.paris,available,66.98,66.98,high,low,9,namecheap,,,25/09/2026 10:41
cf0360fe-ef31-44e9-b63f-86877623a8e7,learning.gratis,available,24.98,31.98,high,low,8,namecheap,,,27/09/2026 01:54
4ac43a37-9f21-42f3-8d8a-38c784b93aa6,learning.beer,available,2.19,32.49,high,low,8,namesilo,,,27/09/2026 01:54
f4af408e-12af-4e24-bcf8-410cd7d86a27,education.horse,available,32.49,32.49,high,low,9,namesilo,,,25/09/2026 10:41
4b007a36-a116-48fb-95d8-a3472550d7e2,school.engineer,premium,1300,1300,high,medium,6,namecheap,,,23/09/2026 11:06
c5df92dc-9c66-4a61-8e48-f96684d2292b,school.jetzt,available,24.48,30.48,high,medium,6,namecheap,,,23/09/2026 11:06
301866db-103e-4635-8f34-db4208200d24,education.international,resell,,,high,low,9,"Blue Razor Domains, LLC",24/06/2015 16:00,24/06/2027 16:00,26/09/2026 05:46
392e0535-6fd3-44ab-b0d0-1e148ec02f8a,school.republican,available,7.49,28.99,high,medium,6,namesilo,,,23/09/2026 11:06
85e03f78-1ba2-4366-a0ef-9dc11e97bdca,learning.car,available,1999.99,2199,high,low,8,namesilo,,,27/09/2026 01:54
2ec4049d-9105-4b82-a345-faf8adcc8655,school.photography,resell,,,high,medium,6,Dynadot Inc,17/06/2015 16:00,17/06/2027 16:00,26/09/2026 08:51
42efe6f0-3ca1-4fbf-bef2-945ccc1746b4,education.cooking,premium,96,29.5,high,low,9,namesilo,,,25/09/2026 10:41
355f89d0-1e08-470c-91e9-92fee59f9ffb,education.movie,available,47.99,349.99,high,low,9,namesilo,,,25/09/2026 10:41
0dc1b90d-7a4c-42a1-bccd-517cbfda061f,learning.vote,available,34.99,90.99,high,low,8,namesilo,,,27/09/2026 01:54
7a2dd22f-969e-4683-92ea-2ecb6526bf29,learning.health,premium,1107,71.4,high,low,8,namesilo,,,27/09/2026 01:54
e29fcd6d-806c-4739-aafa-37822a286ab7,learning.store,premium,3450,3450,high,low,8,namesilo,,,27/09/2026 01:54
e3bc397f-175a-4897-b6d0-8294faf397a4,education.health,premium,6900,71.4,high,low,9,namesilo,,,25/09/2026 10:41
6f5731d4-89ff-4c98-a803-158cf153459f,school.coach,premium,242,242,high,medium,6,namesilo,,,23/09/2026 11:06
bfde4c7d-9d1f-4060-b10b-03c6ca64cf26,education.click,premium,116,116,high,low,9,namesilo,,,25/09/2026 10:41
8ec10ead-85e1-4816-bf47-6b42fff9b0e3,learning.contractors,available,35.49,35.49,high,low,8,namesilo,,,27/09/2026 01:54
e1e02f72-8f7e-48f7-b804-0248a9ce3a1c,school.global,premium,5520,53.92,high,medium,6,namesilo,,,23/09/2026 11:06
a538e83d-cb21-412b-85a7-767053745533,learning.qpon,premium,3450,23.54,high,low,8,namesilo,,,27/09/2026 01:54
dad1a0a5-43b6-4136-ab5e-4e9682aa1ba2,school.lifestyle,premium,640,640,high,medium,6,namesilo,,,23/09/2026 11:06
8adbb45d-c207-4dcd-bbf5-930c9f84d8bd,learning.name,available,8.98,9.98,high,low,8,namecheap,,,27/09/2026 01:54
a06c3329-990e-47e5-8c8b-63e96df4cc16,learning.luxury,available,49.99,49.99,high,low,8,name.com,,,27/09/2026 01:54
955d0b51-03c6-4b8f-bdb1-64698e27da64,learning.luxe,premium,5520,17.7,high,low,8,namesilo,,,27/09/2026 01:54
9067b5c9-0180-449b-b8ff-5b0564934d48,training.schule,premium,118.8,118.8,high,low,8,namesilo,,,25/09/2026 03:18
03094c73-514b-443c-b031-0c9fc383671e,learning.exchange,resell,82.5,,high,low,8,Dynadot Inc,23/03/2026 08:21,23/03/2027 08:21,27/09/2026 01:54
e796b84e-22d6-4c66-a9c0-6235513ccc6e,learning.host,premium,640,640,high,low,8,namesilo,,,27/09/2026 01:54
233dd279-d3f9-4875-8ecf-0899e7b5e460,school.cricket,premium,13800,116,high,medium,6,namesilo,,,23/09/2026 11:06
8e34914b-8763-4886-a624-24ba2a096599,learning.ooo,premium,1278.72,23.59,high,low,8,namesilo,,,27/09/2026 01:54
faf7d9fe-4927-4153-ba6b-4412cf322635,learning.bayern,available,34.99,34.99,high,low,8,namesilo,,,27/09/2026 01:54
2b2d6531-4d6c-415f-a2c3-e23866cee008,education.flights,premium,520,520,high,low,9,namecheap,,,25/09/2026 10:41
acbb266f-5aab-420c-8592-7f679d629712,education.llc,premium,3125,3125,high,low,9,name.com,,,25/09/2026 10:41
497c9542-cbd5-4182-9099-a79e423a3876,school.organic,available,17.99,85.99,high,medium,6,namesilo,,,23/09/2026 11:06
e922dbd1-0731-487c-8b3d-5e35fa9c86c7,school.ong,premium,650,325,high,medium,6,namecheap,,,23/09/2026 11:06
6a6acfd4-1fa4-4733-b59c-d22f47cfc531,education.solar,premium,260,520,high,low,9,namecheap,,,25/09/2026 10:41
970eb8e7-36bf-424b-b3ac-389d44486232,learning.eco,premium,4535.05,74.75,high,low,8,namecheap,,,27/09/2026 01:54
67acbbb2-0283-42cd-be48-1a0861ccd78f,school.sale,premium,118.8,118.8,high,medium,6,namesilo,,,23/09/2026 11:06
bf352528-787f-4ad6-969b-fb17f4b074c4,school.free,premium,640,640,high,medium,6,namesilo,,,23/09/2026 11:06
4068eeb7-7ded-4ca0-9f8e-268df93b7d4c,education.energy,resell,,,high,low,9,"Spaceship, Inc.",19/07/2026 17:01,19/07/2027 17:01,26/09/2026 05:46
24135542-3286-4351-b1a0-fc7377c92b2b,learning.adult,available,69.98,166.98,high,low,8,namecheap,,,27/09/2026 01:54
465e72c2-2cdc-41e0-9e7b-12d03c2f21ad,education.catering,premium,118.8,118.8,high,low,9,namesilo,,,25/09/2026 10:41
4a390756-6a21-4e5d-991a-4e206d49966c,learning.management,resell,,,high,low,8,"Spaceship, Inc.",30/03/2022 13:15,30/03/2027 13:15,27/09/2026 01:54
5d56b948-5b2f-4751-9954-a3004d47a68e,education.network,resell,,,high,low,9,"Wild West Domains, LLC",10/12/2014 16:00,10/12/2026 16:00,26/09/2026 05:46
d3ba9497-db0b-4c41-863a-780e8bd584a4,school.cam,premium,1995,16.52,high,medium,6,namesilo,,,23/09/2026 11:06
48c89b5c-aaad-4120-a5d2-9b83cc50fc55,school.space,premium,13800,13800,high,medium,6,namesilo,,,23/09/2026 11:06
b5567419-72b4-4f52-99ce-fefd832e4092,learning.wedding,available,32.49,32.49,high,low,8,namesilo,,,27/09/2026 01:54
e8885f7c-7460-4be0-abf1-32373071e5f0,learning.fund,resell,,,high,low,8,"DNSPod, Inc.",10/02/2019 17:00,10/02/2036 17:00,27/09/2026 01:54
f785ba64-7870-4438-abbd-3b1cc43d9031,learning.page,premium,638.72,638.72,high,low,8,namesilo,,,27/09/2026 01:54
24e37f63-f867-4be2-bbcf-5d07ec8179b2,school.zip,premium,648.7,648.7,high,medium,6,namecheap,,,23/09/2026 11:06
b6470a7e-659e-4584-991d-d87af0e69b1a,learning.icu,premium,68.43,147.2,high,low,8,namesilo,,,27/09/2026 01:54
f0e639dc-8f4c-4469-a73e-3043a7a0b9dc,learning.homes,resell,,,high,low,8,"Spaceship, Inc.",17/01/2026 15:35,17/01/2027 23:59,27/09/2026 01:54
2c9a7627-dee1-4b21-b353-d444e09a80ca,school.dealer,premium,4278,2660,high,medium,6,namesilo,,,23/09/2026 11:06
978bc3a6-91d0-41bc-978f-3531624a6ff0,learning.makeup,resell,,,high,low,8,"Spaceship, Inc.",06/03/2025 16:38,06/03/2027 23:59,27/09/2026 01:54
8b98d1de-040d-4db2-915f-5beaf24260cd,education.singles,available,9.49,33.99,high,low,9,namesilo,,,25/09/2026 10:41
18a166c8-4592-450c-b68a-990b0d33a4f9,school.dog,premium,512,512,high,medium,6,namesilo,,,23/09/2026 11:06
e381b51e-4721-42f4-8bb0-6774af46e52c,education.equipment,resell,,,high,low,9,"Sav.com, LLC - 18",15/05/2026 15:15,15/05/2027 15:15,26/09/2026 05:46
894ff1a6-3128-4e17-a872-9fe5bef442fb,education.press,premium,6900,6900,high,low,9,namesilo,,,25/09/2026 10:41
f2b7fb92-8ebd-47d2-a80b-2e65c75d57d0,education.game,available,309.99,429.99,high,low,9,namesilo,,,25/09/2026 10:41
8e9c86b5-3ff0-4f01-ae05-8d69ce01017e,learning.online,premium,34500,34500,high,low,8,namesilo,,,27/09/2026 01:54
1d9df97e-7246-456f-8bb7-9b438a249b76,education.gripe,premium,42.9,42.9,high,low,9,namecheap,,,25/09/2026 10:41
99e7aaf8-c62f-4afc-a48e-585019e1cce1,learning.shop,premium,3250,3250,high,low,8,namecheap,,,27/09/2026 01:54
564fa2de-26a1-463f-b608-0085d93dc993,learning.hair,available,1.99,17.29,high,low,8,namesilo,,,27/09/2026 01:54
32910af9-f938-4059-a874-f401cd16cf95,education.surgery,premium,118.8,118.8,high,low,9,namesilo,,,25/09/2026 10:41
be27e537-60ae-49e5-ad52-da35fdbee9f5,learning.barcelona,available,38.98,38.98,high,low,8,namecheap,,,27/09/2026 01:54
0415445d-fcfe-4027-83f1-9a1cd2a4c140,school.show,resell,,,high,medium,6,"DNSPod, Inc.",14/12/2016 08:23,14/12/2026 08:23,26/09/2026 08:51
5a1e8441-f083-492a-8e59-a143f28748aa,school.florist,available,32.99,32.99,high,medium,6,namesilo,,,23/09/2026 11:06
232af965-1316-42d7-86fe-028297b73fd8,learning.rip,available,24.98,32.98,high,low,8,namecheap,,,27/09/2026 01:54
de9b73be-45aa-4d01-a565-041b19781806,school.plumbing,available,72.99,72.99,high,medium,6,namesilo,,,23/09/2026 11:06
79b822dd-053e-48eb-8355-db8f7026fa08,school.partners,premium,128.7,128.7,high,medium,6,namecheap,,,23/09/2026 11:06
88a13e70-693e-4a8a-856d-d69352d33f2a,education.fishing,premium,2660,29.5,high,low,9,namesilo,,,25/09/2026 10:41
8d3577f5-45f7-4ca0-84f3-2f8ae00dd6b7,school.events,resell,,,high,medium,6,Dynadot Inc,18/04/2018 08:29,18/04/2027 08:29,26/09/2026 08:51
6e0231e1-a91b-4e8f-a83b-decc37b7acd4,school.poker,premium,35.4,35.4,high,medium,6,namesilo,,,23/09/2026 11:06
89ccfd0d-eb2d-4167-90b8-92971d215fe4,education.group,resell,,,high,low,9,Dynadot Inc,08/06/2016 16:00,08/06/2027 16:00,26/09/2026 05:46
492065cf-61c4-4fac-b74b-008ce7bb5e6b,education.news,premium,1107,1107,high,low,9,namesilo,,,25/09/2026 10:41
b446b434-e8f4-43ed-9c6c-3257e9c6efad,learning.kaufen,available,5.99,26.99,high,low,8,namesilo,,,27/09/2026 01:54
cec48964-489c-4041-8870-00e862cb6086,learning.mortgage,premium,512,512,high,low,8,namesilo,,,27/09/2026 01:54
0fd33db8-08a1-486a-b736-c206914f9dc4,school.football,resell,,,high,medium,6,"GoDaddy.com, LLC",03/06/2015 16:00,03/06/2027 16:00,26/09/2026 08:51
7917b31c-70ea-4ef0-be71-518d00a0bbfb,school.doctor,available,14.49,116.99,high,medium,6,namesilo,,,23/09/2026 11:06
abc2c9e4-26ab-44ea-a18c-b74c44f620cd,school.reisen,premium,78.54,78.54,high,medium,6,namesilo,,,23/09/2026 11:06
4c48b688-0165-401a-94f8-de6f16a3eaa6,learning.ong,premium,65,32.5,high,low,8,namecheap,,,27/09/2026 01:54
ca71d4ed-e3d3-48e1-bf97-3dd23e0dc084,teaching.study,premium,1107,1107,high,low,8,namesilo,,,24/09/2026 22:15
d5ed00fa-929c-4a39-8223-333314aac107,school.click,resell,,,high,medium,6,"Spaceship, Inc.",15/05/2025 17:26,15/05/2027 17:26,26/09/2026 08:51
55b15fee-26d9-4d6f-b849-5a36650dbf37,learning.courses,premium,1107,1107,high,low,8,namesilo,,,27/09/2026 01:54
b792e712-bec9-4567-ba3e-f2de28833702,learning.cab,available,32.99,32.99,high,low,8,namesilo,,,27/09/2026 01:54
71a2f628-8ddf-4ba8-bee1-d820fe6e79b6,school.direct,resell,,,high,medium,6,"Global Domains International, Inc. DBA DomainCostClub.com",24/05/2026 15:15,24/05/2027 15:15,26/09/2026 08:51
df30c716-cc7c-4cae-b0d0-5c5af527e2c1,education.porn,resell,,,high,low,9,"Name.com, Inc.",09/06/2017 14:27,09/06/2027 14:27,26/09/2026 05:46
4c593d9a-6e89-4377-bbcb-c7c6aac5bee3,school.pet,premium,1107,1107,high,medium,6,namesilo,,,23/09/2026 11:06
3fff252d-939d-4363-8511-216675e40149,learning.blackfriday,available,128.98,134.98,high,low,8,namecheap,,,27/09/2026 01:54
4fe27164-0aae-4941-8a68-f090176002c3,learning.news,resell,,,high,low,8,DomainTact LLC,11/01/2026 15:15,11/01/2027 15:15,27/09/2026 01:54
a20c3e3b-9280-4c51-bb1f-9f89222cb4a9,learning.moe,available,13.99,13.99,high,low,8,namesilo,,,27/09/2026 01:54
2c1dd1c1-e1ac-489f-ad80-15a09217372d,learning.academy,resell,,,high,low,8,Dynadot Inc,30/07/2015 01:11,30/07/2027 01:11,27/09/2026 01:54
09f56cfc-3cdc-473d-9da9-eb982e3d729e,school.video,premium,3450,3450,high,medium,6,namesilo,,,23/09/2026 11:06
97aeeb6a-f22e-4235-99db-5dba5e8c8bd0,school.exposed,premium,128.7,128.7,high,medium,6,namecheap,,,23/09/2026 11:06
1b441b15-9194-411d-a2bc-b04b4d195a5a,learning.casino,available,14.99,159.99,high,low,8,namesilo,,,27/09/2026 01:54
4cb119fb-c8e5-46d7-9ab5-80b89e4eff6b,learning.gg,resell,,,high,low,8,West263 International Limited (http://www.363.hk),,,27/09/2026 01:54
e3e7e068-9fd9-4f8d-965e-3da11b4c5a3d,school.email,resell,,,high,medium,6,Dynadot Inc,08/07/2015 16:00,08/07/2027 16:00,26/09/2026 08:51
b2c716c5-f586-4ec3-a448-1fe781311283,education.channel,premium,623.75,623.75,high,low,9,name.com,,,25/09/2026 10:41
c71148ac-133b-44d9-9879-bd55abaf084d,school.voto,available,11.98,86.98,high,medium,6,namecheap,,,23/09/2026 11:06
8b567ed6-a6a2-4925-9cc6-443585a17ff5,school.top,premium,5746.32,4.26,high,medium,6,namesilo,,,23/09/2026 11:06
33114c4a-cfd9-4d66-95fb-87c2a74d6d74,learning.lawyer,premium,3900,3900,high,low,8,namecheap,,,27/09/2026 01:54
615ad345-6fa5-481c-9d01-3ac5965eb55e,learning.repair,available,12.99,36.99,high,low,8,namesilo,,,27/09/2026 01:54
a27140e9-c4d5-48c5-bc12-d63ebd52b023,school.schule,premium,118.8,118.8,high,medium,6,namesilo,,,23/09/2026 11:06
7477ded3-e636-4816-b6b3-8da76bc88dd5,learning.shopping,available,29.98,37.98,high,low,8,namecheap,,,27/09/2026 01:54
44010914-e296-4f4e-9457-475b69e47c7f,school.town,premium,520,520,high,medium,6,namecheap,,,23/09/2026 11:06
0bc64ba7-0079-4517-8c50-a1996bb3b388,learning.bz,available,21.98,26.98,high,low,8,namecheap,,,27/09/2026 01:54
89eeca53-716a-497f-a7b1-f82f20c13a8a,school.digital,resell,,,high,medium,6,Unstoppable Domains Inc,25/12/2021 13:15,25/12/2026 13:15,26/09/2026 08:51
676971d6-aa2b-4d2e-bc6a-679581e45b25,school.cash,premium,260,260,high,medium,6,namecheap,,,23/09/2026 11:06
eaa7c4f3-2b5e-411f-9219-c5707ca9792a,learning.jewelry,available,64.99,64.99,high,low,8,namesilo,,,27/09/2026 01:54
ac83de3c-2e8e-4c33-84a5-449d4e4cb1c0,learning.movie,available,40.98,446.98,high,low,8,namecheap,,,27/09/2026 01:54
499d5a19-e3a3-4eec-931b-459c5ece8425,learning.maison,available,57.99,57.99,high,low,8,namesilo,,,27/09/2026 01:54
af8c1166-8c8d-4c79-8db0-c56e04d08063,school.food,premium,640,640,high,medium,6,namesilo,,,23/09/2026 11:06
ece77a1f-35dd-429a-a5cd-d8daa51c8bec,school.blue,resell,,,high,medium,6,"DNSPod, Inc.",31/12/2019 10:13,31/12/2026 10:13,26/09/2026 08:51
68fc7ec7-c6b5-4e9a-bc7e-baaef4be6c43,school.builders,available,35.99,35.99,high,medium,6,namesilo,,,23/09/2026 11:06
272a5f3d-1e54-4cbb-a1be-d1735877b725,learning.pink,available,14.49,25.99,high,low,8,namesilo,,,27/09/2026 01:54
693fdf94-1943-4f36-9100-691001c236a2,teaching.ac,available,34.99,47.99,high,low,8,namesilo,,,24/09/2026 22:15
77d532ed-23cd-46d2-96c2-ba80e0c8f46e,school.auto,available,2070,2950,high,medium,6,namecheap,,,23/09/2026 11:06
a3e04dd0-e554-40c5-aed0-61d81ddaa957,school.luxury,available,49.99,,high,medium,6,name.com,,,23/09/2026 11:06
2cadf6e3-32e9-445e-a81c-31583c0863ec,school.tech,premium,13800,13800,high,medium,6,namesilo,,,23/09/2026 11:06
b23c5a1d-8186-4148-a9f7-bddb8db89797,school.build,premium,3900,3900,high,medium,6,namecheap,,,23/09/2026 11:06
5ad76a7d-2538-49ee-9f6b-d1d435a8e61e,learning.pictures,available,15.49,15.49,high,low,8,namesilo,,,27/09/2026 01:54
050a366d-0f9e-42e0-9f02-af0616e8d65b,school.accountant,premium,455,65,high,medium,6,namecheap,,,23/09/2026 11:06
75ad6e0d-5d07-4726-ad61-eb1e151336e9,school.furniture,premium,118.8,118.8,high,medium,6,namesilo,,,23/09/2026 11:06
7ecad1eb-963a-4a35-97d3-47d2c37e9e03,learning.clinic,premium,78.54,78.54,high,low,8,namesilo,,,27/09/2026 01:54
7d1059fa-c25e-4d76-8185-3ec2e5722867,learning.limo,available,57.98,68.98,high,low,8,namecheap,,,27/09/2026 01:54
af6a593b-0b9a-45ca-bcf5-20e58a0e70cd,school.construction,resell,,,high,medium,6,Dynadot Inc,22/02/2026 18:02,22/02/2027 18:02,26/09/2026 08:51
1c01788a-2147-4b47-9915-20eb1b215a4c,school.lgbt,premium,78.54,78.54,high,medium,6,namesilo,,,23/09/2026 11:06
231a098c-043d-47ea-b15a-288f0a3943ed,learning.land,resell,,,high,low,8,Dynadot Inc,07/05/2019 10:12,07/05/2027 10:12,27/09/2026 01:54
3c317334-e86a-4377-a2ac-5fe8d45dcdd5,learning.investments,premium,520,520,high,low,8,namecheap,,,27/09/2026 01:54
c9bff95b-f4ab-49e3-8458-6d2cf4ec67c9,school.surf,premium,512,29.5,high,medium,6,namesilo,,,23/09/2026 11:06
7f397251-0fe9-41c8-a5e0-2e77f4fd869e,learning.cricket,premium,448,53.92,high,low,8,namesilo,,,27/09/2026 01:54
77b79acd-f53e-42fc-be21-e6309f35370f,school.broker,resell,,,high,medium,6,Dynadot Inc,20/11/2024 08:37,20/11/2026 08:37,26/09/2026 08:51
c0551a2a-1b8b-44b4-a389-348400b54529,learning.meme,premium,195,195,high,low,8,namecheap,,,27/09/2026 01:54
c7a22347-7e3c-4263-8963-92726896e82d,learning.viajes,available,43.98,57.98,high,low,8,namecheap,,,27/09/2026 01:54
cbd2b979-ee28-46f6-a1c6-7c1b28aac65d,learning.gripe,available,6.99,6.99,high,low,8,namesilo,,,27/09/2026 01:54
f355b221-eaee-4c25-8cec-ba04848c0f1b,learning.ski,premium,118.8,118.8,high,low,8,namesilo,,,27/09/2026 01:54
54328375-50b1-4285-b9d3-ff0fa095ec29,learning.video,premium,512,512,high,low,8,namesilo,,,27/09/2026 01:54
8dd3bf0d-c71e-4d45-91b2-0020e1396e3f,school.graphics,premium,118.8,118.8,high,medium,6,namesilo,,,23/09/2026 11:06
4a41ec76-0fc8-4ea0-8e1a-78314c62664a,school.observer,premium,854,854,high,medium,6,namesilo,,,23/09/2026 11:06
e682157f-009e-4296-a221-8b9ca44406c2,school.maison,premium,118.8,118.8,high,medium,6,namesilo,,,23/09/2026 11:06
d47d4df2-dc02-4f3c-8c96-03b51c88cf7e,school.rest,premium,3105,3105,high,medium,6,namesilo,,,23/09/2026 11:06
7c295d34-cf06-46fe-afd2-b1fe43ecd22d,school.coupons,premium,12420,12420,high,medium,6,namesilo,,,23/09/2026 11:06
a4f4a51e-9f2a-4371-830c-5db86a9ab460,learning.flowers,available,108.98,159.98,high,low,8,namecheap,,,27/09/2026 01:54
326eff53-b222-4de5-ba29-e0743ebf117c,study.degree,premium,78,78,high,low,5,namecheap,,,27/09/2026 02:04
b0bf8aa7-f553-43ae-ac21-9a5dc66884a1,school.creditcard,premium,242,242,high,medium,6,namesilo,,,23/09/2026 11:06
73ad948a-07a9-48af-b0c0-1ef2d7a9c9b5,school.money,premium,854,854,high,medium,6,namesilo,,,23/09/2026 11:06
2a3b1d99-d436-4d17-b0fd-41bba7270930,learning.menu,available,27.99,27.99,high,low,8,namesilo,,,27/09/2026 01:54
77587333-953a-4972-8af3-a47d1cc94724,curriculum.ninja,available,15.99,30.99,high,high,10,namesilo,,,27/09/2026 05:39
d83f8f0b-3b3b-4ba8-942b-b713b917cbf8,teaching.shiksha,premium,5200,5200,high,low,8,namecheap,,,24/09/2026 22:15
8141e52a-8ed4-4638-893a-483fa2378656,school.uno,premium,6500,6500,high,medium,6,namecheap,,,23/09/2026 11:06
2cd648bc-cc02-4b3e-88f5-c5b78d83af92,learning.care,resell,,,high,low,8,"Sav.com, LLC - 16",31/01/2026 15:15,31/01/2027 15:15,27/09/2026 01:54
5517dfe9-e675-46d6-b3c3-8dc4addd4b7c,school.desi,available,19.98,22.98,high,medium,6,namecheap,,,23/09/2026 11:06
b76e7813-1bb3-4198-8e13-57605211304f,learning.kim,available,12.99,23.49,high,low,8,namesilo,,,27/09/2026 01:54
74c90bfc-10b8-41dc-8195-1c27c4916290,school.casino,resell,12.79,159.99,high,medium,6,"Spaceship, Inc.",22/07/2026 16:48,22/07/2027 16:48,26/09/2026 08:51
187f75e0-9817-4c92-bbde-80e91c9158a0,school.fail,available,38.99,38.99,high,medium,6,namesilo,,,23/09/2026 11:06
774b568d-9785-4350-84af-94a6ec385d04,school.tips,premium,242,242,high,medium,6,namesilo,,,23/09/2026 11:06
d2b42b08-a579-43d5-a58d-dbd13a01900f,learning.parts,available,12.99,41.99,high,low,8,namesilo,,,27/09/2026 01:54
de761df4-2d3c-4b3c-bb0f-94751491b59c,school.flights,premium,520,520,high,medium,6,namecheap,,,23/09/2026 11:06
7b9dff4c-9a0c-4315-803f-450470755b68,learning.partners,resell,,,high,low,8,"Sav.com, LLC",11/09/2025 10:37,11/09/2027 10:37,27/09/2026 01:54
b5f4727c-290c-4888-8eaa-c98e761c2a4a,learning.army,available,18.99,39.99,high,low,8,namesilo,,,27/09/2026 01:54
c139a891-eebc-49cb-b4f8-829b18f827cf,teaching.so,available,64.98,,high,low,8,namecheap,,,
da3a49f6-56bf-4ef6-b7cf-abc10f8c9fb9,school.shop,premium,6500,6500,high,medium,6,namecheap,,,23/09/2026 11:06
9c1b2607-11d0-41d5-b630-59168deeab3a,school.protection,available,1999.99,2049.99,high,medium,6,namesilo,,,23/09/2026 11:06
7ea6113e-db04-463f-bdbc-50dbeca0c93a,school.domains,premium,260,260,high,medium,6,namecheap,,,23/09/2026 11:06
efc68749-652d-4234-99e9-cc3217f2c26e,learning.sucks,premium,2658.67,2658.67,high,low,8,namesilo,,,27/09/2026 01:54
031d350d-6176-4b02-a3ff-39e78a2e5503,school.rehab,premium,242,242,high,medium,6,namesilo,,,23/09/2026 11:06
634de457-b08c-4753-84d6-5aa6d51b2c02,teaching.school,premium,118.8,118.8,high,low,8,namesilo,,,24/09/2026 22:15
c37fde3f-939c-4217-b186-8d2ada07fe8a,school.channel,premium,648.7,648.7,high,medium,6,namecheap,,,23/09/2026 11:06
05dee33f-b783-4903-b3eb-eed3a616e44d,learning.build,premium,1950,1950,high,low,8,namecheap,,,27/09/2026 01:54
f04464f8-5302-4ecc-a9be-82f0958257d4,student.shiksha,premium,2500,,high,low,7,name.com,,,
9be0b163-fe3d-4c09-8f9c-a638ad2e6e18,learning.top,resell,,,high,low,8,成都西维数码科技有限公司,02/02/2016 04:26,02/02/2027 04:26,27/09/2026 01:54
dcff1abe-8d3c-4df3-aa5a-94f76a1f2c05,school.wedding,available,32.49,32.49,high,medium,6,namesilo,,,23/09/2026 11:06
e26730fc-3426-4455-9e0c-764737ca7abf,training.shiksha,premium,768,768,high,low,8,namesilo,,,25/09/2026 03:18
e9ea02a8-7b84-45ac-987f-336214ee7b07,school.hockey,available,59.99,59.99,high,medium,6,namesilo,,,23/09/2026 11:06
cd3a90ab-e12d-4b4b-a96d-f16f6dff4284,learning.law,available,105.98,130.98,high,low,8,namecheap,,,27/09/2026 01:54
272697df-f05e-4176-8da5-987ee77e97aa,school.llc,premium,302.5,302.5,high,medium,6,namesilo,,,23/09/2026 11:06
a7d1f187-606e-470a-b517-4fbca073f973,school.surgery,premium,242,242,high,medium,6,namesilo,,,23/09/2026 11:06
44fa0b65-4e8d-46d6-aadc-7949901acea2,school.consulting,premium,242,242,high,medium,6,namesilo,,,23/09/2026 11:06
0b08b33a-2df5-45ac-aa1c-3d29f299f693,instruction.tech,premium,650,1300,high,high,11,namecheap,,,
9eadcd9d-afc4-45b8-8d7c-dc428a3c9148,school.makeup,premium,11040,11040,high,medium,6,namesilo,,,23/09/2026 11:06
8dad1a22-42de-49cf-9dfc-9352588e470e,instruction.ninja,available,15.99,30.99,high,high,11,namesilo,,,27/09/2026 05:34
fa6576c5-0a7f-4dca-a75a-592ef0ae7ae9,learning.kitchen,available,10.99,64.99,high,low,8,namesilo,,,27/09/2026 01:54
8c303dce-c9bd-46bd-8f0e-8a401115a6c7,instruction.site,premium,312.5,1250,high,high,11,name.com,,,
3cdb8511-afb2-4ace-8982-69b27e0bac70,school.ltda,premium,66.3,66.3,high,medium,6,namecheap,,,23/09/2026 11:06
1fedd184-33d6-45f2-906d-8f5bc3c2b58e,learning.win,premium,448,53.92,high,low,8,namesilo,,,27/09/2026 01:54
abe2a740-213b-4cda-9ba1-7e77d85065d6,learning.limited,available,36.99,36.99,high,low,8,namesilo,,,27/09/2026 01:54
56bea81c-1747-4f63-9804-f2430959598b,school.condos,premium,118.8,118.8,high,medium,6,namesilo,,,23/09/2026 11:06
90d46845-e50a-4f4d-8cad-4b7571ca0309,teaching.surf,premium,242,29.5,high,low,8,namesilo,,,24/09/2026 22:15
4f221600-7ca0-416a-809c-7ddc04789be3,learning.miami,premium,242,21.24,high,low,8,namesilo,,,27/09/2026 01:54
6bec06dc-3f07-467e-97ee-1c1f512b2adf,learning.boats,available,1.99,17.29,high,low,8,namesilo,,,27/09/2026 01:54
0541e7cf-d9cd-461e-b7fb-72f8902ca4e0,learning.hiv,available,195.99,195.99,high,low,8,namesilo,,,27/09/2026 01:54
9d40abd8-d3bd-449e-8645-f667a83e825d,teaching.immobilien,available,39.98,43.98,high,low,8,namecheap,,,24/09/2026 22:15
e5e69931-14fa-48d6-a92e-491db9f9fe67,learning.webcam,premium,116,29.5,high,low,8,namesilo,,,27/09/2026 01:54
c73b9668-4efe-4a4e-9f26-f2b2bf6160bc,learning.hockey,available,59.99,59.99,high,low,8,namesilo,,,27/09/2026 01:54
2b0bbe1b-f19d-43a1-8d73-de11ab8543b0,learning.realty,available,99.8,456.98,high,low,8,namecheap,,,27/09/2026 01:54
312ea2de-ecf4-4e63-944c-e3b1a7b0fd00,teaching.cheap,available,8.99,36.49,high,low,8,namesilo,,,24/09/2026 22:15
316895ee-3f2b-47f9-99f4-f63d61070167,learning.company,resell,,,high,low,8,"Spaceship, Inc.",25/06/2015 20:56,25/06/2027 20:56,27/09/2026 01:54
df3498bc-6341-4b12-918a-e173366074f8,teaching.bingo,available,53.99,53.99,high,low,8,namesilo,,,24/09/2026 22:15
0f871ee9-e85c-46f5-9b15-a2194ef7ceef,school.industries,premium,118.8,118.8,high,medium,6,namesilo,,,23/09/2026 11:06
b923e6e2-3fcd-46f5-ab74-3ab7d006239e,learning.recipes,available,8.99,77.99,high,low,8,namesilo,,,27/09/2026 01:54
c5b2ad46-2e89-4d17-8d08-d00d65d945d3,learning.camp,premium,260,260,high,low,8,namecheap,,,27/09/2026 01:54
fda817b8-4fd5-49ff-9ccf-058e4f4ccd22,teaching.vacations,available,40.98,49.98,high,low,8,namecheap,,,24/09/2026 22:15
675fbd4d-435d-41bd-811b-34ef77b4a232,school.uk,resell,,,high,medium,6,Web Wiz Ltd t/a Web Wiz,09/11/2018 11:46,09/11/2027 11:46,26/09/2026 08:51
cf653468-16e9-4c23-9ea4-0bf8c09c74de,teaching.engineering,available,16.99,64.99,high,low,8,namesilo,,,24/09/2026 22:15
c2d5782a-f32d-4aa9-8c05-c92eab981fbe,learning.flights,available,58.99,58.99,high,low,8,namesilo,,,27/09/2026 01:54
ae791aae-9e39-44c9-b624-da11c7a242a3,school.xyz,resell,,,high,medium,6,"Spaceship, Inc.",18/11/2021 05:37,18/11/2026 23:59,26/09/2026 08:51
a0acb867-09f9-4bdd-955f-574ea0b4c79a,learning.fashion,resell,32.49,32.49,high,low,8,"Chengdu West Dimension Digital Technology Co., Ltd.",15/08/2026 15:44,15/08/2027 15:44,27/09/2026 01:54
947d1dd2-1b34-4777-9673-41444ef44c2d,teaching.agency,resell,,,high,low,8,"Sav.com, LLC - 7",06/09/2026 15:15,06/09/2027 15:15,26/09/2026 09:32
ca2220ba-f82d-48e4-8b66-84470fef30b9,teaching.reviews,premium,260,260,high,low,8,namecheap,,,24/09/2026 22:15
bebfd034-126f-41cd-81e9-f79e1ad96697,learning.diamonds,available,54.99,54.99,high,low,8,namesilo,,,27/09/2026 01:54
ebc42ea5-6f4c-43c3-9f04-e66c64408fbf,school.realty,available,109.99,299,high,medium,6,namesilo,,,23/09/2026 11:06
3d8c71ff-5618-439f-953a-a93926c37f3c,school.theatre,available,509.99,529.99,high,medium,6,namesilo,,,23/09/2026 11:06
f423d918-eb29-4b30-8f6d-66558156fb36,teaching.beauty,available,1.99,17.29,high,low,8,namesilo,,,24/09/2026 22:15
642cbab3-1516-4acb-a311-6c3b10b64d2a,teaching.hair,available,1.99,17.29,high,low,8,namesilo,,,24/09/2026 22:15
527d81b7-615c-444e-8339-810a50f5e8da,learning.organic,available,17.99,85.99,high,low,8,namesilo,,,27/09/2026 01:54
c6bb2fde-2227-4756-9a7b-adf21631e9b4,teaching.wiki,available,2.99,32.49,high,low,8,namesilo,,,24/09/2026 22:15
d710df14-0a4b-41ab-aa55-344672b1f71f,school.watch,premium,520,520,high,medium,6,namecheap,,,23/09/2026 11:06
c3e7b623-8f19-433b-b548-7de7906e6be8,school.engineering,premium,242,242,high,medium,6,namesilo,,,23/09/2026 11:06
74403eb8-85e6-407a-9a44-cd91aae16d16,school.wiki,premium,832,832,high,medium,6,namesilo,,,23/09/2026 11:06
6e148e6b-6193-446c-bfcd-667be10b1b4b,school.car,available,1999.99,2199,high,medium,6,namesilo,,,23/09/2026 11:06
2eb644b5-d88b-492c-a236-854fa5f2c044,teaching.prof,premium,427.7,427.7,high,low,8,namecheap,,,24/09/2026 22:15
050c16c1-2db3-4214-9a4d-36f28914ff06,teaching.kaufen,available,5.99,26.99,high,low,8,namesilo,,,24/09/2026 22:15
8f97f05b-c6c1-4f6b-8308-7ec45bcd5605,school.taxi,available,10.99,62.99,high,medium,6,namesilo,,,23/09/2026 11:06
f0efa918-35bc-4e6f-81e4-3745def90564,learning.cc,resell,,,high,low,8,Dynadot15 LLC,18/06/2020 08:00,18/06/2027 08:00,27/09/2026 01:54
f2ef61ba-a50e-44d4-ac42-d17c12d008d7,learning.social,resell,,,high,low,8,"Spaceship, Inc.",17/02/2025 15:15,17/02/2027 15:15,27/09/2026 01:54
296ddac6-3283-49bc-b9a2-59318db97b4d,school.jewelry,available,64.99,64.99,high,medium,6,namesilo,,,23/09/2026 11:06
7f17fdf9-f4cc-4e66-8644-a031d15faa3b,learning.camera,resell,,,high,low,8,"GoDaddy.com, LLC",20/08/2015 23:38,20/08/2027 23:38,27/09/2026 01:54
b18eaa3f-6b96-41db-b41f-a51a2d588aa4,teaching.storage,available,509.99,529.99,high,low,8,namesilo,,,24/09/2026 22:15
754526f0-4cf3-4d7b-936c-8f6997a610a7,instruction.so,available,64.98,,high,high,11,namecheap,,,
0e5d2e14-c326-445d-8b52-ecca0c9f0345,teaching.christmas,available,34.99,34.99,high,low,8,namesilo,,,24/09/2026 22:15
40c22ffb-e853-4f53-ad01-f2ae6c97e753,learning.green,premium,1995,1995,high,low,8,namesilo,,,27/09/2026 01:54
1f4ad558-b6b9-4f8d-83f0-bd61ffe9d475,teaching.land,available,15.99,41.99,high,low,8,namesilo,,,24/09/2026 22:15
28d25426-c795-44d9-bf99-6d053592709c,school.moi,premium,640,640,high,medium,6,namesilo,,,23/09/2026 11:06
e61807c3-beb4-49eb-b74e-7639b6842644,learning.live,premium,3450,3450,high,low,8,namesilo,,,27/09/2026 01:54
8e0a17a4-0110-4885-b712-1336ab2da35b,learning.shoes,available,34.98,81.98,high,low,8,namecheap,,,27/09/2026 01:54
b61d12aa-22b2-4caa-af98-8b2ddb55d796,learning.contact,available,13.98,16.78,high,low,8,namecheap,,,27/09/2026 01:54
5b4b86be-39a4-4e52-975e-00ca6d27ad3e,learning.insure,available,72.99,72.99,high,low,8,namesilo,,,27/09/2026 01:54
9d0756d0-279a-4327-bc7d-0e5cb78cd145,learning.group,resell,,,high,low,8,"Go Canada Domains, LLC",08/06/2016 16:00,08/06/2027 16:00,27/09/2026 01:54
6163c26a-7b3b-4fe9-9f21-02761b9481bc,school.promo,premium,1107,1107,high,medium,6,namesilo,,,23/09/2026 11:06
c9c5598d-7d51-4439-9427-9172bf3bee4b,teaching.recipes,available,5.48,95.98,high,low,8,namecheap,,,24/09/2026 22:15
d3114179-149b-49e9-9cde-6a91427e38d0,school.nexus,premium,648.7,648.7,high,medium,6,namecheap,,,23/09/2026 11:06
aee46676-46ec-4349-9c10-8017aa709d7f,school.hair,premium,11040,11040,high,medium,6,namesilo,,,23/09/2026 11:06
ac018912-b494-4321-861f-8c45ce735994,school.cv,premium,1339.98,8.85,high,medium,6,namesilo,,,23/09/2026 11:06
8ee4c443-5dd4-4735-841d-a3027f267ba2,school.fan,premium,128.7,128.7,high,medium,6,namecheap,,,23/09/2026 11:06
c8e42933-74de-4a47-b4ba-92adc6975653,school.camera,premium,512,512,high,medium,6,namesilo,,,23/09/2026 11:06
e110a44b-cb3f-4213-8d00-c386574476b7,school.villas,premium,512,512,high,medium,6,namesilo,,,23/09/2026 11:06
b82d884b-0a1b-496a-a2b3-277a28c77514,school.equipment,resell,,,high,medium,6,"Sav.com, LLC - 23",13/05/2026 15:15,13/05/2027 15:15,26/09/2026 08:51
5f99b8c9-0c13-4c28-ac16-e07250105bf1,learning.ink,resell,,,high,low,8,"Xiamen ChinaSource Internet Service Co., Ltd",15/11/2025 00:00,15/11/2026 00:00,27/09/2026 01:54
a14a3805-17e4-4b06-846e-57002dca4ef7,teaching.theater,available,65.99,65.99,high,low,8,namesilo,,,24/09/2026 22:15
8c55b757-953a-447f-afb7-4d306c56eadf,school.bingo,available,53.99,53.99,high,medium,6,namesilo,,,23/09/2026 11:06
2f2367dc-d0f1-4285-9c43-3e70571b7599,learning.dentist,available,65.99,65.99,high,low,8,namesilo,,,27/09/2026 01:54
b514b638-0d9d-4a07-a760-4a5ead9823dc,learning.phd,premium,843.7,843.7,high,low,8,namecheap,,,27/09/2026 01:54
ce2aac55-c6a5-418b-9580-a93896cdec4c,learning.food,available,5.49,39.99,high,low,8,namesilo,,,27/09/2026 01:54
04a2deee-f87a-460b-b9ad-0ad7c50f282a,learning.diy,resell,,,high,low,8,"Dynadot, LLC",13/01/2025 16:35,13/01/2027 16:35,27/09/2026 01:54
e3958e84-e1ca-41ad-936e-8e7675905e0a,teaching.dealer,premium,4278,2660,high,low,8,namesilo,,,24/09/2026 22:15
3f008b2b-329e-4064-a20b-ded3c0569fe0,school.bio,premium,242,242,high,medium,6,namesilo,,,23/09/2026 11:06
2a32284d-6567-4663-9c78-e06089651ffa,school.tienda,available,59.99,59.99,high,medium,6,namesilo,,,23/09/2026 11:06
b045ea03-b253-4e3a-8fa2-3d087baa6592,instruction.zone,available,14.99,46.99,high,high,11,name.com,,,
4b457501-02d0-4436-b8fa-3f9f730a9241,school.hot,premium,640,640,high,medium,6,namesilo,,,23/09/2026 11:06
539a0ffd-c8d8-4327-bc67-a534f84e9c80,teaching.diet,available,104.99,114.99,high,low,8,namesilo,,,24/09/2026 22:15
79088b5e-adc6-4686-a112-4a65ee24e83c,training.us,resell,,,high,low,8,"GoDaddy.com, LLC",24/04/2002 14:00,23/04/2027 23:59,26/09/2026 09:43
08df889f-5288-4384-aba8-99b74b983e16,school.tires,available,5.99,78.99,high,medium,6,namesilo,,,23/09/2026 11:06
ac49d9a8-e7de-4009-9d2e-c63d39863076,school.works,premium,512,512,high,medium,6,namesilo,,,23/09/2026 11:06
0090efaa-0541-4d38-91e4-17c2f27661f3,teaching.ong,premium,650,325,high,low,8,namecheap,,,24/09/2026 22:15
4dc5333d-8707-4e9e-952b-219cdd97244d,teaching.international,premium,118.8,118.8,high,low,8,namesilo,,,24/09/2026 22:15
e380facf-ea93-496e-ae96-3585ef53920e,teaching.associates,available,18.99,38.99,high,low,8,namesilo,,,24/09/2026 22:15
9016ec92-d768-409e-8642-9d3a19f6bd75,university.co,resell,,,high,low,10,Dynadot Inc,24/02/2010 23:44,23/02/2027 23:59,26/09/2026 09:52
cb34dfa0-5b12-49b3-9be0-b970de8d8443,teaching.watch,available,5.99,44.49,high,low,8,namesilo,,,24/09/2026 22:15
5e067c2b-3bff-4041-8e9f-2e5ae9948f60,school.pro,resell,,,high,medium,6,"TurnCommerce, Inc. DBA NameBright.com",10/05/2019 10:19,10/05/2028 10:19,26/09/2026 08:51
a28a51a9-60f6-42ba-be1d-196afab8f56d,teaching.viajes,available,37.99,37.99,high,low,8,namesilo,,,24/09/2026 22:15
f282a9fc-1043-405e-b0d1-50b61e42829d,learning.college,premium,640,640,high,low,8,namesilo,,,27/09/2026 01:54
5d5ee667-d0c2-4acc-a24a-e7942f461e80,teaching.cafe,available,7.25,51.99,high,low,8,namesilo,,,24/09/2026 22:15
eda6f85b-4576-468f-ba54-ef5d19d34c39,teaching.lifestyle,available,5.49,39.99,high,low,8,namesilo,,,24/09/2026 22:15
7e314b96-c3a5-49cc-b1fe-556e4ba745fa,school.kitchen,available,10.99,64.99,high,medium,6,namesilo,,,23/09/2026 11:06
a87d3d2e-dda0-4c25-8b58-ae5962bb2228,teaching.ltda,premium,56.64,33.04,high,low,8,namesilo,,,24/09/2026 22:15
2492d56e-e90a-477c-8263-0d4bfa0c5f41,student.prof,premium,811.25,,high,low,7,name.com,,,
9a335992-2c5d-4fe2-8330-9c061db30160,teaching.fan,available,57.98,68.98,high,low,8,namecheap,,,24/09/2026 22:15
f2498c31-8b60-4d30-a56f-0ce392c761fb,university.hiv,available,195.99,195.99,high,low,10,namesilo,,,26/09/2026 00:46
e4666908-7764-4105-a8ea-ea346353ed00,teaching.games,resell,,,high,low,8,"Sav.com, LLC - 25",04/09/2025 15:15,04/09/2027 15:15,26/09/2026 09:32
689d07b1-62bc-48ad-a82b-e450b10f4f14,teaching.support,available,8.99,26.99,high,low,8,namesilo,,,24/09/2026 22:15
45da9ce7-40be-467b-82e4-2d0da2a73cd8,teaching.trading,available,21.98,27.98,high,low,8,namecheap,,,24/09/2026 22:15
0da87e9e-351d-4e9e-970c-02d01d6b7d69,learning.dealer,premium,4278,2660,high,low,8,namesilo,,,27/09/2026 01:54
2b1e373b-d3d5-477a-904f-6025a4332bed,school.audio,available,104.99,114.99,high,medium,6,namesilo,,,23/09/2026 11:06
9c61be5f-1bc0-4cbd-9580-72082dca4ab7,teacher.expert,premium,85.8,85.8,high,low,7,namecheap,,,
a30e9ef5-5e4b-4aba-856e-18bc8e37347a,teaching.town,available,6.98,47.48,high,low,8,namecheap,,,24/09/2026 22:15
3ec00d97-35ae-4d65-a006-5394193dbe24,learning.quest,resell,,,high,low,8,"Spaceship, Inc.",02/03/2021 14:15,02/03/2027 23:59,27/09/2026 01:54
06f0305f-9573-4cb2-822e-fae7f44c3289,learning.casa,resell,,,high,low,8,,,,27/09/2026 01:54
bb79e975-1315-4fd9-8457-10a4225ae3b9,learning.band,available,20.99,31.49,high,low,8,namesilo,,,27/09/2026 01:54
1f71970e-996c-4205-ba75-55677bb6ee47,learning.mov,premium,167.7,167.7,high,low,8,namecheap,,,27/09/2026 01:54
b89ea8d5-1a7d-45e0-93d2-418a8e4d4e50,teaching.catering,available,38.99,38.99,high,low,8,namesilo,,,24/09/2026 22:15
1a6c287c-f4ab-468b-88db-288f38f23d64,learning.reise,available,27.89,97.99,high,low,8,namesilo,,,27/09/2026 01:54
6a05e99e-03a8-41bf-9a5f-d0245813714f,learning.promo,available,14.49,24.99,high,low,8,namesilo,,,27/09/2026 01:54
8381fe7d-2066-4c5a-84fd-6503d74b370a,learning.storage,available,509.99,529.99,high,low,8,namesilo,,,27/09/2026 01:54
4fd3bdf1-d7ce-418e-85ba-f0eecc63c84a,teaching.guru,resell,,,high,low,8,"Sav.com, LLC - 14",18/05/2026 15:15,18/05/2027 15:15,26/09/2026 09:32
578016b5-fd67-4413-b628-5f71fee66b3d,teaching.download,premium,640,77.35,high,low,8,namesilo,,,24/09/2026 22:15
4667fb99-0509-46ff-8151-36a6c4f7fc94,college.shiksha,premium,5000,,high,low,7,name.com,,,
d8ba9e18-716d-434a-8ca3-ac8f0d621771,learning.bargains,available,14.98,37.98,high,low,8,namecheap,,,27/09/2026 01:54
747b6414-7e32-400b-8fca-a872841e0bf7,school.melbourne,available,58,58,high,medium,6,namesilo,,,23/09/2026 11:06
54b4692c-d717-4c95-aef9-635fc2f3b7dc,learning.restaurant,available,20.99,64.99,high,low,8,namesilo,,,27/09/2026 01:54
13490f0e-e5e6-49e2-96bd-7aa08a1aacac,teaching.jetzt,available,23.99,23.99,high,low,8,namesilo,,,24/09/2026 22:15
556a37aa-f00d-4b5b-90dd-bd9eb3685ce9,school.cab,available,32.99,32.99,high,medium,6,namesilo,,,23/09/2026 11:06
ea662b42-82ee-4651-bbcc-8bebb0efeae2,teaching.army,available,18.99,39.99,high,low,8,namesilo,,,24/09/2026 22:15
636f390c-9b4f-4dc8-8cf5-96675c94c29f,university.foo,premium,73.75,73.75,high,low,10,name.com,,,26/09/2026 00:46
ea9efd8b-482f-4e43-ab4c-c5ff86a9bd0d,school.fishing,premium,242,29.5,high,medium,6,namesilo,,,23/09/2026 11:06
0cd6d530-9ae9-4674-9d9f-00e7e36e1c6d,school.green,premium,650,650,high,medium,6,namecheap,,,23/09/2026 11:06
c6b34075-bb08-45e5-8582-c57ad162d44f,learning.cfd,premium,68.43,147.2,high,low,8,namesilo,,,27/09/2026 01:54
b088901e-c54c-4311-a3c6-29ce3fc1024c,teaching.black,available,27.99,64.99,high,low,8,namesilo,,,24/09/2026 22:15
f1f45551-6cf9-4472-a4f3-2eaea18081c9,teaching.repair,available,12.99,36.99,high,low,8,namesilo,,,24/09/2026 22:15
87495168-895d-43c0-a3ec-9bc2e12900c8,school.delivery,premium,118.8,118.8,high,medium,6,namesilo,,,23/09/2026 11:06
7c392bdb-603d-44df-a486-c0588ac9ceae,teaching.photography,available,14.49,36.49,high,low,8,namesilo,,,24/09/2026 22:15
0e2e7d47-4448-4616-8b2b-8684d98e0bbd,learning.foo,premium,167.7,167.7,high,low,8,namecheap,,,27/09/2026 01:54
6a0f2074-ba45-4f6f-bb0d-15c6645f06e2,teaching.surgery,available,54.99,54.99,high,low,8,namesilo,,,24/09/2026 22:15
f1a938e0-b450-4f6e-872b-525d60a4b6f0,learning.memorial,available,52.99,52.99,high,low,8,namesilo,,,27/09/2026 01:54
c2aaf186-51bc-42bb-8833-fed123df1e4f,training.contractors,available,35.49,35.49,high,low,8,namesilo,,,25/09/2026 03:18
97928fd9-7429-4e35-89a4-81e362df5275,teaching.rest,available,2.19,28.99,high,low,8,namesilo,,,24/09/2026 22:15
f9c79136-7297-48f6-92ed-c73af2550cc1,training.loan,premium,1107,116,high,low,8,namesilo,,,25/09/2026 03:18
53785662-450d-481f-a656-b79e7c9bc135,teaching.blue,available,13.98,32.98,high,low,8,namecheap,,,24/09/2026 22:15
376344a8-1e7d-4ff2-853b-9d48332da620,teaching.party,premium,448,53.92,high,low,8,namesilo,,,24/09/2026 22:15
6e07275d-5836-4eee-a043-f445f0c15177,school.gold,resell,,,high,medium,6,"DNSPod, Inc.",16/07/2024 15:15,16/07/2027 15:15,26/09/2026 08:51
3506e223-9ee5-431d-a0be-040ffbf7dc75,learning.accountant,premium,448,53.92,high,low,8,namesilo,,,27/09/2026 01:54
8adb14b8-5469-425b-944d-cea7165e1fd2,university.engineer,premium,1107,1107,high,low,10,namesilo,,,26/09/2026 00:46
7262eaf4-7b06-47e2-87d1-3b5cbe8d2b75,training.diet,available,104.99,114.99,high,low,8,namesilo,,,25/09/2026 03:18
75732030-5e0a-4ff6-9b22-39f03bf546ce,learning.discount,available,30.99,30.99,high,low,8,namesilo,,,27/09/2026 01:54
9bf395e7-6120-428e-8148-d53bef14e0aa,university.rest,premium,1152,1152,high,low,10,namesilo,,,26/09/2026 00:46
0bf28646-1bfb-46b1-8b36-7cfe3a59d8d9,teaching.vana,available,2298,2498,high,low,8,namecheap,,,24/09/2026 22:15
545699b8-fbef-4002-8df0-19a1cf49980b,teaching.holdings,available,64.99,64.99,high,low,8,namesilo,,,24/09/2026 22:15
9b9d20a2-af12-4668-a35b-106ec67fe7df,training.pet,premium,1107,1107,high,low,8,namesilo,,,25/09/2026 03:18
bb3112c1-2100-4426-8afe-90166cfd92f2,school.one,premium,640,640,high,medium,6,namesilo,,,23/09/2026 11:06
f05667ad-bbf0-4309-ad1d-30f4f12cc28e,university.associates,available,18.99,38.99,high,low,10,namesilo,,,26/09/2026 00:46
33fd69a9-2e04-4627-a857-c552498b1752,learning.airforce,available,103.99,103.99,high,low,8,namesilo,,,27/09/2026 01:54
859c2950-bf72-4bad-9b0b-2dcc43f67e01,school.hamburg,available,69.98,73.98,high,medium,6,namecheap,,,23/09/2026 11:06
771bbace-977a-4e54-bf26-52e2485c2f1b,teaching.green,premium,650,650,high,low,8,namecheap,,,24/09/2026 22:15
a67e16e9-54b5-4b94-923b-8287f694d462,school.moda,premium,118.8,118.8,high,medium,6,namesilo,,,23/09/2026 11:06
d7e2f3eb-2e2f-4779-89b1-075d80e9559d,training.limo,available,54.99,54.99,high,low,8,namesilo,,,25/09/2026 03:18
ff23d625-234c-402b-b057-057a14175c99,learning.hamburg,available,69.98,73.98,high,low,8,namecheap,,,27/09/2026 01:54
03bcd1ce-93e9-45b8-9595-e5d738062a90,study.schule,available,28.99,28.99,high,low,5,namesilo,,,27/09/2026 02:04
a6464b30-cd64-45fb-8a5f-43688bbac6f5,school.icu,premium,390,780,high,medium,6,namecheap,,,23/09/2026 11:06
e91696ad-5d4e-4f92-8f84-3f99607f0c78,learning.porn,available,69.98,154.98,high,low,8,namecheap,,,27/09/2026 01:54
aed501bd-5d69-4ff3-a0a2-5fbe4e0e5fde,university.construction,available,38.99,38.99,high,low,10,namesilo,,,26/09/2026 00:46
4480fc65-7423-4750-8c8a-c4c4832c75ea,learning.run,resell,,,high,low,8,Xin Net Technology Corporation,04/03/2024 15:15,04/03/2027 15:15,27/09/2026 01:54
8dbb981b-0eec-440f-9e7c-f157fd7f59f0,school.report,resell,,,high,medium,6,"GoDaddy.com, LLC",16/09/2015 21:00,16/09/2027 21:00,26/09/2026 08:51
e3fbc7b0-5bd1-4779-9d4b-31a7a55329e7,training.diy,premium,455,650,high,low,8,namecheap,,,25/09/2026 03:18
6a262ecf-842d-405d-b490-dcb6682d395d,student.college,premium,650,650,high,low,7,namecheap,,,
d771cb69-4390-4b53-b3aa-a005474bb636,teaching.market,available,46.98,55.98,high,low,8,namecheap,,,24/09/2026 22:15
3030aeb9-9615-4960-8549-1564068ffbc5,teaching.family,premium,71.4,71.4,high,low,8,namesilo,,,24/09/2026 22:15
1f3d3047-083e-42d3-80c6-3b58cadfd293,university.codes,premium,82.5,82.5,high,low,10,name.com,,,26/09/2026 00:46
be73faf8-edd6-407d-ac0b-6fa47c70f9f6,school.attorney,premium,1107,1107,high,medium,6,namesilo,,,23/09/2026 11:06
c896beb2-d963-479f-8b42-e146b901a8b8,university.auto,available,1999.99,2199,high,low,10,namesilo,,,26/09/2026 00:46
c35d9a6b-d6bd-4d4e-be76-928a64eb5199,learn.ing,premium,39000,39000,high,low,8,namecheap,,,27/09/2026 01:54
291ef0d5-f41c-4248-b502-8af9bea05c02,teaching.pink,available,14.49,25.99,high,low,8,namesilo,,,24/09/2026 22:15
a4e2576f-0dac-4d84-91a9-9b3393cb9234,university.cam,premium,854,16.52,high,low,10,namesilo,,,26/09/2026 00:46
ac39d88e-62a2-471a-9abf-16ee5f6486ca,teaching.cooking,premium,242,29.5,high,low,8,namesilo,,,24/09/2026 22:15
c9863097-ad76-4fd0-aa82-8dad32aab2f0,school.esq,premium,843.7,843.7,high,medium,6,namecheap,,,23/09/2026 11:06
3ba3b1aa-f32a-403b-aef3-e47bab6c9466,teaching.top,resell,,,high,low,8,Dynadot LLC,31/08/2024 20:41,31/08/2027 20:41,26/09/2026 09:32
30da62a3-cc54-4ef9-9171-84eefc2c963a,teaching.construction,available,40.98,50.98,high,low,8,namecheap,,,24/09/2026 22:15
0e111c20-20a5-4b53-931f-d98c00b14c95,school.vana,available,2298,2498,high,medium,6,namecheap,,,23/09/2026 11:06
550cad79-215b-4145-94d2-a7cc8b2b96c5,university.lifestyle,premium,1107,1107,high,low,10,namesilo,,,26/09/2026 00:46
27c51195-4934-419b-a020-09e88cd5c9eb,learning.asia,resell,,,high,low,8,"GoDaddy.com, LLC",01/08/2008 05:02,01/08/2028 05:02,27/09/2026 01:54
a858b44d-7331-4a51-a03d-eaaae7a1ac7d,school.archi,premium,118.8,118.8,high,medium,6,namesilo,,,23/09/2026 11:06
1f1dd846-78dd-4fe8-bef3-7043ca795d8e,teacher.university,premium,118.8,118.8,high,low,7,namesilo,,,
6c06ec25-36fb-40d3-943a-82925cda3d76,school.win,premium,455,65,high,medium,6,namecheap,,,23/09/2026 11:06
1dec841e-59c0-409f-b4b2-6cc2fa9e1042,school.city,resell,,,high,medium,6,"Spaceship, Inc.",31/12/2021 13:15,31/12/2026 13:15,26/09/2026 08:51
2f86b36c-d029-4321-bf52-24db563a1260,teaching.memorial,available,52.99,52.99,high,low,8,namesilo,,,24/09/2026 22:15
f6fbf619-3973-4ae1-b0ab-452fb2b6bf3d,teaching.golf,premium,118.8,118.8,high,low,8,namesilo,,,24/09/2026 22:15
d8ede33e-1106-433a-8975-3e58d01f8bf4,school.salon,available,57.99,57.99,high,medium,6,namesilo,,,23/09/2026 11:06
4345bd51-baa0-46fc-acb7-ef0a4ac3cf8d,training.cfd,premium,384,768,high,low,8,namesilo,,,25/09/2026 03:18
5c8d4c48-2410-4ca1-b058-6085250798ae,school.mom,premium,845,845,high,medium,6,namecheap,,,23/09/2026 11:06
0ef418e7-852a-4600-b34b-be5003edc05c,training.vin,available,8.99,59.99,high,low,8,namesilo,,,25/09/2026 03:18
e067f62b-594f-4100-82f8-22c0656b7b7a,teaching.moi,available,25.99,25.99,high,low,8,namesilo,,,24/09/2026 22:15
d4ddb140-76b9-4914-905b-d3b47523dfa4,teaching.lawyer,premium,4140,4140,high,low,8,namesilo,,,24/09/2026 22:15
1b5bdc51-3b4a-4707-8fcf-721a7f8338a4,college.schule,available,19.99,,high,low,7,name.com,,,
9dc133b2-9458-430b-9650-eb0cdd43cecf,school.immobilien,available,37.99,37.99,high,medium,6,namesilo,,,23/09/2026 11:06
10cdb593-ffee-4324-86f7-02330e18bcea,student.phd,premium,811.25,,high,low,7,name.com,,,
d9e3490c-6b51-4930-97b8-b53abe81cade,training.men,premium,448,53.92,high,low,8,namesilo,,,25/09/2026 03:18
1ac42974-4f20-4f85-9c83-aab8f146dcbe,training.lighting,available,23.99,23.99,high,low,8,namesilo,,,25/09/2026 03:18
ce9ff3d3-68a9-4451-9124-7ffbc2f43135,learning.review,premium,1107,116,high,low,8,namesilo,,,27/09/2026 01:54
31afe538-590f-4ab8-9fe8-57ca99bb1948,teaching.faith,premium,650,84.5,high,low,8,namecheap,,,24/09/2026 22:15
e8f44e07-fcad-4e2d-a3f1-d28b833e0b3e,training.makeup,premium,2660,2660,high,low,8,namesilo,,,25/09/2026 03:18
9e538b4d-7079-48d7-818d-c7122b9c399e,teaching.it,resell,,,high,low,8,,28/06/2015 16:00,04/07/2027 00:00,26/09/2026 09:32
463df8c7-f86a-4403-855d-6f352148b516,training.moe,premium,96,14.16,high,low,8,namesilo,,,25/09/2026 03:18
f75dc63a-e0d5-4600-8e25-08850b60c6fe,school.services,premium,854,854,high,medium,6,namesilo,,,23/09/2026 11:06
67b87bdf-f6c4-4961-84c0-55892b029e03,learning.digital,resell,,,high,low,8,"Spaceship, Inc.",07/05/2026 17:02,07/05/2027 17:02,27/09/2026 01:54
1592abb0-bcc2-4a49-adcd-f48186bdd9f5,learning.osaka,available,32.98,41.98,high,low,8,namecheap,,,27/09/2026 01:54
f0375e5e-92cc-419e-9469-549db15581db,university.boutique,available,5.99,32.99,high,low,10,namesilo,,,26/09/2026 00:46
de3a25ce-3a40-4fbe-abcf-846504308b08,training.dance,premium,128.7,128.7,high,low,8,namecheap,,,25/09/2026 03:18
45d6300b-f564-488a-8171-bcc047683d32,learning.rentals,available,10.99,44.49,high,low,8,namesilo,,,27/09/2026 01:54
69935b48-e9fd-4a69-88ec-759f57cc269b,instruction.space,premium,812.5,3250,high,high,11,namecheap,,,
2e0a52f9-5140-4534-af04-82e300fd44c7,teaching.tours,available,10.99,61.99,high,low,8,namesilo,,,24/09/2026 22:15
39082a09-9dea-4111-9fca-117f4faab64e,teaching.cleaning,available,75.49,75.49,high,low,8,namesilo,,,24/09/2026 22:15
d55411c1-24c3-427a-bf7c-d9f2e047f42b,learning.properties,available,18.99,39.99,high,low,8,namesilo,,,27/09/2026 01:54
0684418d-7eb0-4df7-a6dd-1cd15b7649ab,university.toys,available,19.99,84.99,high,low,10,name.com,,,26/09/2026 00:46
e626a373-1bfd-483c-b296-7a19866672d4,school.gay,premium,302.5,302.5,high,medium,6,namesilo,,,23/09/2026 11:06
06ee0fe8-f908-4d63-b961-01540f7664bf,university.space,premium,6900,6900,high,low,10,namesilo,,,26/09/2026 00:46
03ce74f7-4654-4c2e-a789-df7dbcb2958a,teaching.community,premium,78.54,78.54,high,low,8,namesilo,,,24/09/2026 22:15
6ea4584d-f532-478b-828c-77c4ea308352,training.organic,available,17.99,85.99,high,low,8,namesilo,,,25/09/2026 03:18
1970ffcc-1cb1-432f-8d81-fa55e8af1f2a,teaching.vet,available,41.99,41.99,high,low,8,namesilo,,,24/09/2026 22:15
3096a20f-2f90-431f-b3ce-f0cb1f25e03a,teaching.graphics,available,23.99,23.99,high,low,8,namesilo,,,24/09/2026 22:15
280bd7c9-9197-48e3-91ac-5f8f75a4208c,university.business,resell,,,high,low,10,"Spaceship, Inc.",10/12/2014 17:35,10/12/2026 17:35,26/09/2026 09:52
3aad4913-592d-4ade-b3ac-ac18a9bd4c46,training.tickets,available,359.99,488.88,high,low,8,namesilo,,,25/09/2026 03:18
d6d9fac9-1db0-4d23-96f3-40613c43db22,school.community,resell,,,high,medium,6,"Spaceship, Inc.",30/11/2023 13:39,30/11/2026 13:39,26/09/2026 08:51
37ab373c-64cf-40b8-998e-932bf72f090b,university.skin,premium,2500,2500,high,low,10,name.com,,,26/09/2026 00:46
052c0e0c-d40e-48f0-853e-1c40e6833bdc,teaching.chat,resell,,,high,low,8,Xin Net Technology Corporation,16/06/2021 18:38,16/06/2027 18:38,26/09/2026 09:32
fe1d2676-fada-4b81-ad47-b140c322effa,university.direct,premium,46.99,41.25,high,low,10,name.com,,,26/09/2026 00:46
758de4c3-84f1-407e-9b15-503e8403a50e,teaching.video,premium,242,242,high,low,8,namesilo,,,24/09/2026 22:15
74680e48-9fbb-42ac-abc2-288a0f35e4d0,school.associates,premium,118.8,118.8,high,medium,6,namesilo,,,23/09/2026 11:06
dc3cbc00-ae33-43a7-b7cf-ad200b5f5703,university.accountants,available,117.99,117.99,high,low,10,namesilo,,,26/09/2026 00:46
4ccd3c04-18e3-4fa0-a697-c6b906252539,school.beauty,premium,11040,11040,high,medium,6,namesilo,,,23/09/2026 11:06
88aec3ca-f69b-413b-98f4-4f497d794132,teaching.discount,available,30.99,30.99,high,low,8,namesilo,,,24/09/2026 22:15
309a63d7-ce84-414c-9425-6b208a32828f,teaching.tienda,available,59.99,59.99,high,low,8,namesilo,,,24/09/2026 22:15
c77c609d-289f-4e06-82da-231a3a22c347,university.now,premium,640,640,high,low,10,namesilo,,,26/09/2026 00:46
7252a697-be73-4132-a4f1-1ba517fa9229,teaching.voto,available,11.98,86.98,high,low,8,namecheap,,,24/09/2026 22:15
60e38424-1cfc-4c16-8e9d-db0380c8d75d,school.tools,resell,,,high,medium,6,Squarespace Domains II LLC,09/02/2018 07:33,09/02/2027 07:33,26/09/2026 08:51
c79fcbb1-7bc7-4c20-a316-af19fa397f3e,university.solar,available,9.99,83.99,high,low,10,name.com,,,26/09/2026 00:46
77738e9c-310f-413e-ab14-729cc830f0da,university.loans,premium,242,242,high,low,10,namesilo,,,26/09/2026 00:46
641781b0-a1ba-4cbf-a7b2-a250a4ffcbfe,school.foo,premium,648.7,648.7,high,medium,6,namecheap,,,23/09/2026 11:06
0076dc4f-ff90-4c0f-8604-d13533d1a550,learning.press,premium,325,650,high,low,8,namecheap,,,27/09/2026 01:54
ac3d4b9a-1185-4515-8b06-2cffd110759a,university.events,premium,242,242,high,low,10,namesilo,,,26/09/2026 00:46
950b20dc-a94d-490b-911c-a4386223606d,teaching.vodka,premium,52,32.5,high,low,8,namecheap,,,24/09/2026 22:15
8a8e0512-386a-4828-9bb9-5565b0014524,training.kitchen,premium,512,512,high,low,8,namesilo,,,25/09/2026 03:18
62456175-68d2-4a3a-8281-bcf436983763,university.clothing,available,32.99,32.99,high,low,10,namesilo,,,26/09/2026 00:46
91e08a29-3de5-4663-b6d1-c6e60211d8ea,university.run,resell,,,high,low,10,"Sav.com, LLC - 40",23/08/2026 15:15,23/08/2027 15:15,26/09/2026 09:52
55a6e694-ac43-4702-9bcb-1ce51cb637dd,university.kitchen,available,10.99,64.99,high,low,10,namesilo,,,26/09/2026 00:46
e5cb0802-32bf-4e4b-8beb-cc721e1680dc,university.diy,premium,1107,1107,high,low,10,namesilo,,,26/09/2026 00:46
57b5f7a9-645a-4f6b-ac4c-7cf9b64d2186,university.properties,premium,1000,1000,high,low,10,name.com,,,26/09/2026 00:46
914fe1cc-386a-4846-88a5-bc1dfe1be89c,training.holiday,available,64.99,64.99,high,low,8,namesilo,,,25/09/2026 03:18
973bc5b2-3931-458a-b6af-7d191ca72292,university.delivery,premium,242,242,high,low,10,namesilo,,,26/09/2026 00:46
62f9b343-4356-41ee-bee9-ba8763183259,teaching.cricket,available,23.59,23.59,high,low,8,namesilo,,,24/09/2026 22:15
18405200-cab5-45b7-b3cd-f31c1bd848de,school.theater,available,65.99,65.99,high,medium,6,namesilo,,,23/09/2026 11:06
ca0341f6-a419-4899-aef2-385522d0e79d,instruction.expert,available,10.99,62.49,high,high,11,namesilo,,,27/09/2026 06:43
5328f9c3-79e8-418b-87c7-5b24833b35e5,training.movie,available,40.98,446.98,high,low,8,namecheap,,,25/09/2026 03:18
118c84ff-4fbc-446d-adf8-12f6ffff281c,learning.finance,resell,,,high,low,8,Dynadot Inc,24/12/2025 17:02,24/12/2026 17:02,27/09/2026 01:54
2f0a57bc-89a5-4572-b1b9-f03d5d221151,teaching.meme,premium,195,195,high,low,8,namecheap,,,24/09/2026 22:15
83d62a86-8519-4a28-831a-ee8249efcdcf,teacher.study,premium,625,,high,low,7,name.com,,,
e097be4b-3631-40fb-99d2-8d6040ede589,training.enterprises,resell,,,high,low,8,Dynadot Inc,22/01/2026 17:01,22/01/2027 17:01,26/09/2026 09:43
e8bfd6f2-04dd-4ce7-ac0c-670ca7bda5f6,university.wedding,premium,242,29.5,high,low,10,namesilo,,,26/09/2026 00:46
1aae6731-693d-44d6-bd76-2776f957db09,teaching.forsale,premium,118.8,118.8,high,low,8,namesilo,,,24/09/2026 22:15
a3977ef6-90d8-4f45-8d3e-125a80124753,teaching.navy,available,41.99,41.99,high,low,8,namesilo,,,24/09/2026 22:15
5b0262bb-ee48-4135-8742-7fb73ccc30e3,learning.solar,available,64.99,64.99,high,low,8,namesilo,,,27/09/2026 01:54
0ccbd5b3-4d9f-4392-9b2a-30d6576132f5,learning.market,premium,260,260,high,low,8,namecheap,,,27/09/2026 01:54
6b85ed86-f1bd-4e0c-977f-ca358729d371,university.horse,available,32.49,32.49,high,low,10,namesilo,,,26/09/2026 00:46
64547f4e-0c62-45bd-a26b-08c648efff38,learning.pizza,available,17.99,64.99,high,low,8,namesilo,,,27/09/2026 01:54
4481a99d-823c-412c-ac1f-2e4c76e34d8f,university.page,premium,638.72,638.72,high,low,10,namesilo,,,26/09/2026 00:46
4af48de6-dfb9-4cec-966b-f2854d46a381,school.actor,premium,78.54,78.54,high,medium,6,namesilo,,,23/09/2026 11:06
4c9e4873-68f7-4654-a0aa-08231471dd04,training.clinic,premium,118.8,118.8,high,low,8,namesilo,,,25/09/2026 03:18
8e85c4b3-0421-425a-9396-cb60ad8149c8,learning.bingo,available,53.99,53.99,high,low,8,namesilo,,,27/09/2026 01:54
bcd6c7a4-3f64-4e9a-8d39-5e4b7697d996,teaching.inc,premium,2061.5,2660,high,low,8,namesilo,,,24/09/2026 22:15
acaefc9d-6c37-473a-8922-bfc3e4069c8a,teaching.deals,available,39.99,39.99,high,low,8,namesilo,,,24/09/2026 22:15
3a19408e-b201-4407-a2e0-7948dd6d9709,university.eco,premium,9375,113.99,high,low,10,name.com,,,26/09/2026 00:46
095e6bdd-af69-4737-8e09-9f024440ae9d,training.blackfriday,available,114.99,114.99,high,low,8,namesilo,,,25/09/2026 03:18
373602a0-e139-4dc2-88c8-68a9d02ed399,training.irish,available,7.49,22.49,high,low,8,namesilo,,,25/09/2026 03:18
b76840ed-fc0f-423f-9215-6fb266cc1a07,training.blog,premium,640,2660,high,low,8,namesilo,,,25/09/2026 03:18
5cd4f0b7-9dfa-4c75-a5ae-514e0dcc5b2f,training.airforce,available,103.99,103.99,high,low,8,namesilo,,,25/09/2026 03:18
c25705e0-2f2b-457d-8ab8-0e748364d04c,school.tax,resell,,,high,medium,6,"DNSPod, Inc.",25/06/2023 15:15,25/06/2027 15:15,26/09/2026 08:51
b1b1524d-89a9-4dc2-bd96-bb1505b52f2f,university.esq,premium,811.25,811.25,high,low,10,name.com,,,26/09/2026 00:46
90585346-5eeb-41be-b23a-c5a15a143dba,university.bingo,available,53.99,53.99,high,low,10,namesilo,,,26/09/2026 00:46
bf4a7e25-8aaa-4020-a14d-89efbd42c62f,school.news,premium,1107,1107,high,medium,6,namesilo,,,23/09/2026 11:06
f87ec385-4155-4ef3-9938-d4e5a364dc5a,learning.ceo,available,10.19,129.99,high,low,8,namesilo,,,27/09/2026 01:54
522462ed-f34c-4216-9f31-61c8cd9de3aa,learning.poker,resell,,,high,low,8,OpusDNS GmbH,21/04/2015 19:31,21/04/2027 19:31,27/09/2026 01:54
78f459e1-c838-4892-bd89-5b32600388ee,teaching.page,premium,318.72,318.72,high,low,8,namesilo,,,24/09/2026 22:15
6f523dfb-8b3e-445c-878e-90eb6939ab5a,training.cat,available,26.98,38.98,high,low,8,namecheap,,,25/09/2026 03:18
42805fad-1043-4cbd-83cf-b229a1e9aa49,teaching.charity,available,14.99,23.99,high,low,8,namesilo,,,24/09/2026 22:15
6ea6b26b-fa6e-40d4-8dd4-c9b3d3e3fe75,student.how,premium,244.4,244.4,high,low,7,namecheap,,,
a1947e92-571c-4a33-9e4e-cf86640a0d2c,university.live,premium,1107,1107,high,low,10,namesilo,,,26/09/2026 00:46
37a3cd64-344c-4278-8e93-440e18bdf2cf,teaching.lol,available,1.99,32.49,high,low,8,namesilo,,,24/09/2026 22:15
eb0b268c-0a36-4234-bb3d-9f8713a7e703,training.cooking,premium,242,29.5,high,low,8,namesilo,,,25/09/2026 03:18
290e8d34-8295-4dbb-bb50-fc5f0272fdaf,learning.theater,available,67.98,80.98,high,low,8,namecheap,,,27/09/2026 01:54
bc2479c8-2e1b-4da2-8972-24376d8dd5aa,instruction.app,premium,248.75,248.75,high,high,11,name.com,,,
61afc2ae-13f1-4a78-90d0-642e9536d1bc,learning.hosting,available,309.99,429.99,high,low,8,namesilo,,,27/09/2026 01:54
633def46-a89d-4269-af2f-5dac523c07a8,university.tips,premium,512,512,high,low,10,namesilo,,,26/09/2026 00:46
631e04bd-5d08-4ba8-8cb2-2128de1d0e41,teaching.dad,premium,323.7,323.7,high,low,8,namecheap,,,24/09/2026 22:15
206b9db3-2d67-4a12-94ab-d91e33f82193,learning.moda,premium,128.7,128.7,high,low,8,namecheap,,,27/09/2026 01:54
f60351cf-6db0-4463-92b5-4a0a02d35996,training.barcelona,available,38.98,38.98,high,low,8,namecheap,,,25/09/2026 03:18
d25cf471-8882-4c8b-a800-6a8ba4cb3d76,school.so,resell,,,high,medium,6,SOSTEC TECHNOLOGIES_LR,15/06/2025 05:00,15/06/2026 05:00,
008e3243-a7d4-439f-b7de-7f56bf02a015,university.rsvp,premium,623.75,623.75,high,low,10,name.com,,,26/09/2026 00:46
093f86d9-f24d-44de-84ab-0c8becb1b0dc,school.management,resell,,,high,medium,6,Dynadot Inc,24/06/2015 16:00,24/06/2027 16:00,26/09/2026 08:51
ce7051bf-5b57-4c14-bf9d-54ca889258b5,school.rodeo,premium,242,11.8,high,medium,6,namesilo,,,23/09/2026 11:06
b83e8cde-0fd8-4f28-8552-7d922a18bd91,school.claims,available,17.99,64.99,high,medium,6,namesilo,,,23/09/2026 11:06
07b54fe6-cd80-4f58-abbd-17f0da6fc14d,training.monster,resell,,,high,low,8,"Spaceship, Inc.",17/01/2026 15:57,17/01/2027 23:59,26/09/2026 09:43
93a1e3ae-315d-4f1c-bde9-3e91eb003a64,training.yoga,resell,,,high,low,8,"GoDaddy.com, LLC",26/08/2020 18:53,26/08/2027 18:53,26/09/2026 09:43
f9e127d7-5f6f-4e9b-91ed-1618f7fba27f,training.events,resell,,,high,low,8,"Wild West Domains, LLC",11/06/2014 16:00,11/06/2027 16:00,26/09/2026 09:43
b33e8ced-85ef-4c86-a7c0-3a3c9a62e0ab,teaching.food,available,5.49,39.99,high,low,8,namesilo,,,24/09/2026 22:15
20b5b60b-0c29-47c6-9945-8fb063cdd0dd,teaching.engineer,premium,71.4,71.4,high,low,8,namesilo,,,24/09/2026 22:15
8ab465b8-58e8-4446-ab4b-4af55d650783,school.place,premium,78.54,78.54,high,medium,6,namesilo,,,23/09/2026 11:06
a567b5ad-716f-418b-a2b9-58264f3e56cc,school.hospital,available,55.98,71.98,high,medium,6,namecheap,,,23/09/2026 11:06
b98649ad-827d-4154-b4bc-2d5285a448d9,teaching.tattoo,available,34.99,34.99,high,low,8,namesilo,,,24/09/2026 22:15
58497c04-6745-49b4-84d9-52fa4985264d,teaching.services,available,14.99,38.99,high,low,8,namesilo,,,24/09/2026 22:15
a20885e7-84df-49ae-9340-bf78e4b5b4e9,university.foundation,premium,242,242,high,low,10,namesilo,,,26/09/2026 00:46
bc428a06-6ea6-4031-965d-c1ab17065a00,school.gratis,premium,118.8,118.8,high,medium,6,namesilo,,,23/09/2026 11:06
00ee638b-fd55-40d0-898f-da8081b0cfa6,university.immo,premium,118.8,118.8,high,low,10,namesilo,,,26/09/2026 00:46
6044abcc-21c1-4927-9953-0b4051d34529,training.xyz,resell,,,high,low,8,Dynadot Inc,20/03/2014 15:01,20/03/2027 23:59,26/09/2026 09:43
cab6a0db-d159-446a-b569-633b5f485ad7,classroom.study,premium,62.5,,high,low,9,name.com,,,
55ca2c0d-e0ee-4dc6-9c97-0392aad21cac,student.fit,resell,,,high,low,7,West263 International Limited,24/12/2021 08:22,24/12/2026 08:22,26/09/2026 09:21
000c5c71-8131-4df9-a21c-9674e9a6777d,teaching.money,available,16.99,35.99,high,low,8,namesilo,,,24/09/2026 22:15
124d35ba-8130-4c22-8678-a2cc9c400205,learning.claims,available,17.99,64.99,high,low,8,namesilo,,,27/09/2026 01:54
bd9599b9-1863-431b-901b-a64a1f84233a,university.beer,premium,242,29.5,high,low,10,namesilo,,,26/09/2026 00:46
2a6ecc78-c1d9-45ee-9040-84b161ec8e4a,teaching.boutique,available,5.99,32.99,high,low,8,namesilo,,,24/09/2026 22:15
3d1bcdbb-3fcd-4503-ae44-124d83392bc3,teaching.hosting,available,309.99,429.99,high,low,8,namesilo,,,24/09/2026 22:15
ddba30a6-3d25-49a5-b10e-625f92335870,learning.forex,premium,6500,6500,high,low,8,namecheap,,,27/09/2026 01:54
ed13181f-33ed-44d6-b305-602e35d160db,teaching.limo,available,54.99,54.99,high,low,8,namesilo,,,24/09/2026 22:15
8e6911fe-fbe1-4a69-b7a0-5fd47ef503ac,academic.phd,premium,206.7,206.7,high,low,8,namecheap,,,21/09/2026 15:21
202e0b7a-87a4-43e2-b15f-d03ad4c04e8d,teaching.hamburg,available,69.98,73.98,high,low,8,namecheap,,,24/09/2026 22:15
f61a762a-319a-42a2-b785-6ca195ac319d,training.pictures,available,16.48,20.98,high,low,8,namecheap,,,25/09/2026 03:18
9a5329e7-fb48-4e42-b626-3cd464f4c353,teaching.equipment,available,29.98,32.98,high,low,8,namecheap,,,24/09/2026 22:15
8369ba53-f5c9-40bd-9aad-093f14c6301f,classroom.university,available,19.99,,high,low,9,name.com,,,
dab26b14-6f80-47a2-8c5a-dd5bbd111a59,teaching.fund,available,14.99,71.99,high,low,8,namesilo,,,24/09/2026 22:15
f0b870c8-33b1-4c33-af3c-6ec1da9ac606,teaching.place,available,22.49,22.49,high,low,8,namesilo,,,24/09/2026 22:15
075fbbd6-5de6-4aec-8442-ba31be003f0c,teaching.zone,available,12.99,38.99,high,low,8,namesilo,,,24/09/2026 22:15
037e13b3-2e34-4693-9a38-7fb5dce92133,training.mortgage,premium,260,260,high,low,8,namecheap,,,25/09/2026 03:18
93bbfc1d-1ba7-4179-83a5-6f1e2eb322b6,university.diamonds,available,54.99,54.99,high,low,10,namesilo,,,26/09/2026 00:46
54ad35d4-a198-48b4-b08a-a0c595f6ba7d,teaching.law,available,95.99,95.99,high,low,8,namesilo,,,24/09/2026 22:15
b291df6b-9e15-43cb-9ce9-8f5b93347438,university.luxury,available,49.99,49.99,high,low,10,name.com,,,26/09/2026 00:46
a1e98308-3709-4a8b-a1c1-d130ddcd58da,study.blog,premium,650,2600,high,low,5,namecheap,,,27/09/2026 02:04
59776852-81ec-4cc3-ba08-6385979e35fe,teaching.pro,resell,17121.2,33.99,high,low,8,Dynadot Inc,04/02/2018 10:07,04/02/2028 10:07,26/09/2026 09:32
18150ff1-a3c9-4eda-9825-b0cd77ff0f65,training.one,premium,640,640,high,low,8,namesilo,,,25/09/2026 03:18
0b01c409-d2a9-423f-a353-84af4a02c18c,teaching.link,premium,448,448,high,low,8,namesilo,,,24/09/2026 22:15
af075bb3-b134-4fb9-ac14-2cbf123fbe91,school.enterprises,available,11.49,35.99,high,medium,6,namesilo,,,23/09/2026 11:06
ae5f0504-4788-45bf-9e89-345cb9d0e6ba,teaching.exposed,available,22.49,22.49,high,low,8,namesilo,,,24/09/2026 22:15
675fd48c-df83-46ea-af43-7db252856d9b,school.ltd,premium,21.45,42.9,high,medium,6,namecheap,,,23/09/2026 11:06
425b2d27-4d2b-4d99-9585-1188747b98f2,training.catering,premium,118.8,118.8,high,low,8,namesilo,,,25/09/2026 03:18
dd1976a5-b091-4c22-b898-8ae571657d9a,student.country,available,2450,,high,low,7,namecheap,,,
82c6fbc9-d103-427e-be76-b72790985266,study.review,premium,3450,116,high,low,5,namesilo,,,27/09/2026 02:04
910dcbd7-768e-495c-8257-0c3d8845abe4,teaching.security,available,2070,2950,high,low,8,namecheap,,,24/09/2026 22:15
c4170be1-d6ad-4e0b-9786-f88fced00b0d,teaching.finance,premium,78.54,78.54,high,low,8,namesilo,,,24/09/2026 22:15
af3ab018-b685-4368-b9b8-545f7d44f479,learning.locker,premium,318.46,8.8,high,low,8,namesilo,,,27/09/2026 01:54
808852dd-859b-4907-9eb9-f4b40c5246bd,university.country,available,2499.99,3799.99,high,low,10,name.com,,,26/09/2026 00:46
2b3eb343-a570-4ac8-b8b5-620aa580e2d9,teaching.shop,premium,640,640,high,low,8,namesilo,,,24/09/2026 22:15
9f5466d3-b7a4-44ae-a6a9-07260c9c9710,learning.immo,available,34.99,34.99,high,low,8,namesilo,,,27/09/2026 01:54
83b60273-670c-4198-8a29-f50c92727067,training.gripe,premium,78.54,78.54,high,low,8,namesilo,,,25/09/2026 03:18
db491258-3e39-4bc8-aaad-75f4bb84ee50,school.ceo,premium,254.72,254.72,high,medium,6,namesilo,,,23/09/2026 11:06
7dd22bf8-00a6-4766-a333-f52be13d74fc,school.flowers,available,64.99,114.99,high,medium,6,namesilo,,,23/09/2026 11:06
f8ccccc2-1fb6-474a-a492-159d1d9bdbad,training.promo,premium,1107,1107,high,low,8,namesilo,,,25/09/2026 03:18
a87f7c55-baf0-4de6-a26d-741951343876,training.place,premium,78.54,78.54,high,low,8,namesilo,,,25/09/2026 03:18
cf6d2e40-eaa5-4538-8812-157245889f79,classroom.navy,available,41.99,41.99,high,low,9,namesilo,,,
b55eec3d-dc9b-49f9-9a4d-dd1309b8b394,study.education,premium,85.8,85.8,high,low,5,namecheap,,,27/09/2026 02:04
1a946f7e-7b6c-44b9-be0c-4990df7f24fd,school.london,premium,683.19,31.49,high,medium,6,namesilo,,,23/09/2026 11:06
aac6b93b-be3a-4899-a006-3c0e0098b308,school.tattoo,premium,116,116,high,medium,6,namesilo,,,23/09/2026 11:06
5ab6d67e-68d3-4406-8988-da80c73ae99e,teaching.store,premium,3450,3450,high,low,8,namesilo,,,24/09/2026 22:15
0439421a-a69d-4ce0-ae3a-a63e4d4a53e5,academic.schule,available,28.99,28.99,high,low,8,namesilo,,,21/09/2026 15:21
c3beb882-0e0f-4ae3-8560-09228a1f3ea3,learning.ltda,premium,56.64,33.04,high,low,8,namesilo,,,27/09/2026 01:54
0549d177-faa7-4bca-b31c-428d520b2a77,university.fan,premium,123.75,123.75,high,low,10,name.com,,,26/09/2026 00:46
ff0b6f89-7f9c-40b1-9174-9cfd29824044,student.rent,premium,625,,high,low,7,name.com,,,
7876f472-e115-4caa-8ec6-5201c6cc9ee5,classroom.how,premium,48.75,,high,low,9,name.com,,,
05b8c5af-4ea8-4537-9588-6fae3d9c7dba,teaching.college,premium,640,640,high,low,8,namesilo,,,24/09/2026 22:15
5f0bb900-56c0-432e-8111-e96871874d22,classroom.pet,available,19.99,,high,low,9,name.com,,,
6cd76678-1539-4440-b340-e34a0253ecdd,university.dealer,premium,4278,2660,high,low,10,namesilo,,,26/09/2026 00:46
340d5798-b2bf-42b9-81e7-c775a51761b5,learning.chat,resell,,,high,low,8,UM DOMAINS PTE. LTD,17/03/2026 15:15,17/03/2027 15:15,27/09/2026 01:54
24e32095-43ca-4b50-9e43-55964fbbffae,school.lat,resell,,,high,medium,6,Dynadot Inc,20/07/2026 10:28,20/07/2027 23:59,26/09/2026 08:51
badb8829-e92b-4b13-b138-cdb38c314fbc,training.moda,premium,118.8,118.8,high,low,8,namesilo,,,25/09/2026 03:18
d9282c02-4486-4b72-8e84-f54d2155c004,teaching.voyage,available,61.98,73.98,high,low,8,namecheap,,,24/09/2026 22:15
dc9ae01f-77df-44c9-8e16-76a0645e8d97,university.charity,premium,242,242,high,low,10,namesilo,,,26/09/2026 00:46
3bd15550-0911-460e-8565-593d176c4657,university.bar,premium,3105,3105,high,low,10,namesilo,,,26/09/2026 00:46
b5e14063-b025-41de-9541-ed745acccea7,teaching.clothing,available,32.99,32.99,high,low,8,namesilo,,,24/09/2026 22:15
7623332c-ec83-4e52-a203-5222877c4442,training.singles,available,9.49,33.99,high,low,8,namesilo,,,25/09/2026 03:18
343b8ac3-3dfa-4187-803f-198a00ac0206,university.builders,available,35.99,35.99,high,low,10,namesilo,,,26/09/2026 00:46
b18f8c40-22d9-47b3-a556-823c18051918,teaching.maison,available,57.99,57.99,high,low,8,namesilo,,,24/09/2026 22:15
6dfed035-dd96-4b2f-ae09-0c42c99360cc,study.reviews,premium,260,260,high,low,5,namecheap,,,27/09/2026 02:04
6cff53d1-9c84-446c-96bf-2429f11ab883,training.school,resell,,,high,low,8,"Xiamen ChinaSource Internet Service Co., Ltd",19/08/2017 08:04,19/08/2027 08:04,26/09/2026 09:43
9470436b-afaa-483f-b870-ed89183b5a0e,learning.city,resell,,,high,low,8,"DNSPod, Inc.",04/01/2021 08:21,04/01/2027 08:21,27/09/2026 01:54
dad1def0-1488-469b-9f1e-1e8ec2b8d07f,university.hospital,available,77.99,83.99,high,low,10,name.com,,,26/09/2026 00:46
b6745b62-a27d-440c-9770-7be0cf0cb17f,school.soy,premium,698.1,698.1,high,medium,6,namecheap,,,23/09/2026 11:06
c0bcd857-e519-44bf-a1eb-91ab658c6b2b,instruction.online,premium,312.5,1250,high,high,11,name.com,,,
7861e639-1570-4077-8b67-e11d845c6877,university.dating,premium,118.8,118.8,high,low,10,namesilo,,,26/09/2026 00:46
e6f391ef-3797-43bd-a791-e2eba57af463,school.systems,resell,,,high,medium,6,"GoDaddy.com, LLC",14/04/2026 11:33,14/04/2027 11:33,26/09/2026 08:51
74b70406-8555-44c0-a85b-d50532e8ca56,university.engineering,premium,118.8,118.8,high,low,10,namesilo,,,26/09/2026 00:46
30cec972-ee88-4c96-aae7-e64e9067b834,instruction.gg,available,70.98,,high,high,11,namecheap,,,
ae66e93c-695d-417b-a607-41611b8b0bb4,learning.love,premium,302.5,302.5,high,low,8,namesilo,,,27/09/2026 01:54
478a6b32-2ca6-43c9-9958-aa04660ac886,learning.credit,available,9.48,131.98,high,low,8,namecheap,,,27/09/2026 01:54
e80ebd85-80b4-491e-bf80-1e69ab0a90a7,training.furniture,available,27.99,94.99,high,low,8,namesilo,,,25/09/2026 03:18
512e5acf-d218-435b-83b3-61a09246efd5,training.market,premium,260,260,high,low,8,namecheap,,,25/09/2026 03:18
cb77c372-2363-4971-b6f8-0f802bd40723,university.bike,available,14.99,50.99,high,low,10,name.com,,,26/09/2026 00:46
e8db1c7b-949d-40c1-9199-a8726f5d8be7,school.recipes,available,8.99,77.99,high,medium,6,namesilo,,,23/09/2026 11:06
ab40ec52-ba7b-4725-b93f-aeafaf4e757e,teaching.tires,available,5.99,78.99,high,low,8,namesilo,,,24/09/2026 22:15
f404e58d-d839-474a-b63f-2872a3127f66,classroom.deals,available,5.99,,high,low,9,name.com,,,
fad8d8d2-e0af-46b2-ac15-7214d7242ed8,training.limited,available,36.99,36.99,high,low,8,namesilo,,,25/09/2026 03:18
aa96d666-56dc-4efd-aa6c-4ef073eea640,school.foundation,premium,242,242,high,medium,6,namesilo,,,23/09/2026 11:06
36fb283c-3d3b-43b8-be73-a081f01fcae2,teaching.mx,available,39.99,43.99,high,low,8,namesilo,,,24/09/2026 22:15
7c4e94db-d3f2-47d2-90f6-6a9fb9606b31,study.press,premium,640,640,high,low,5,namesilo,,,27/09/2026 02:04
48bcfbb6-88a2-4fcf-8995-4b15c3d73577,school.contractors,available,35.49,35.49,high,medium,6,namesilo,,,23/09/2026 11:06
7204837e-09bd-45a1-8253-68c6f776bab1,study.ryukyu,available,17.98,22.98,high,low,5,namecheap,,,27/09/2026 02:04
a3d99034-d776-4793-bccb-0728c09a0b1f,training.memorial,available,52.99,52.99,high,low,8,namesilo,,,25/09/2026 03:18
2c19e139-1319-4e4d-bee6-9c9ef64e2244,classroom.software,available,19.99,,high,low,9,name.com,,,
18361bcf-ef05-4707-a70d-5e94dd5d6993,teaching.observer,premium,13,13,high,low,8,namecheap,,,24/09/2026 22:15
5e0f580b-70bd-4b73-afc2-24120c0bce0c,school.dating,premium,118.8,118.8,high,medium,6,namesilo,,,23/09/2026 11:06
8b484547-3c32-4136-bfa9-9bbb14430efb,instruction.cloud,premium,1250,1250,high,high,11,name.com,,,
0039d06f-45ca-4e61-bef5-4ccdfc8978ab,teacher.shiksha,premium,78.54,78.54,high,low,7,namesilo,,,
8767efe7-ae25-4134-842f-95290a75c15f,classroom.promo,available,19.99,,high,low,9,name.com,,,
682bc722-03d5-4c19-baaa-9b7fe22a3b25,classroom.accountants,available,43.99,,high,low,9,name.com,,,
39966015-f26c-45d5-af5e-252ff489720e,teaching.builders,available,35.99,35.99,high,low,8,namesilo,,,24/09/2026 22:15
a1e6eb2b-1e08-41a8-8ad4-30086d089a24,training.technology,resell,,,high,low,8,"GoDaddy.com, LLC",08/07/2015 18:51,08/07/2027 18:51,26/09/2026 09:43
8bc5acc2-4fed-4968-ad0c-143957ee7be2,student.maison,available,19.99,,high,low,7,name.com,,,
cddf474a-c82e-41c3-a474-a44b11258c9b,classroom.coupons,available,3.99,,high,low,9,name.com,,,
362ee503-0fc4-482e-98ab-0e4fd7e1e780,school.locker,premium,6500,39,high,medium,6,namecheap,,,23/09/2026 11:06
8e33c51c-36dc-4e78-9b92-de3c1a2bc273,training.press,premium,302.5,302.5,high,low,8,namesilo,,,25/09/2026 03:18
b1037ced-da4a-4431-a5ca-272ad020e49d,teaching.gmbh,available,47.98,56.98,high,low,8,namecheap,,,24/09/2026 22:15
d84b408a-4745-46fe-b00c-7686ec9e18bc,classroom.gives,available,5.99,,high,low,9,name.com,,,
9a376fed-5b50-478e-8716-c391c8f20d31,school.inc,premium,2061.5,2660,high,medium,6,namesilo,,,23/09/2026 11:06
7712d8f6-710e-4622-93f4-fa8f127d2f95,training.mov,premium,167.7,167.7,high,low,8,namecheap,,,25/09/2026 03:18